medicine_type;id
7599028000848;ACEITE DE ALMENDRAS 30 ML LYA
7592616576046;FEBRILIX GRIP  X 10TAB KIMICEG
7592616203010;ACETAMINOFEN (FEBRILIX) 500MG CAJA X 20 TAB KIMICEG
7598008000014;ACETAMINOFEN 120MG/5ML SUSP ORAL 120ML LAND
7703038067269;ACETAMINOFEN 150MG/5ML 120ML LAPROFF
7703038060987;ACETAMINOFEN 150MG/5ML X 60ML LAPROF
7703038050018;ACETAMINOFEN 500 MG CAJA X 300 TAB X 30  BLIST LAPROF
7598650000080;ACETAMINOFEN 500 MG X 10 TAB JL
7590027002079;ACETAMINOFEN 750 MG X 10 COMP SPEFAR
7703712035447;ACETAMINOFEN 150MG/5ML  X 60 ML COASPHARMA
6942189530197;ACETAMINOFEN SUSP ORAL 250MG/5ML 100ML KMPLUS
8906005118349;ACETAMINOFEN 650 CAFEINA 65 X 10 TAB EVERMED
7598008000090;ACICLOVIR 200MG CAJA X 100 TAB X 10 BLIST LAND
7598650000097;ACICLOVIR 500MG X 10 TAB JL
08904324100922;ACIDO FOLICO  5MG CAJA X 200 TAB X 10 BLIST BIOVENEZUELA
8906005118370;ACIDO MEFENAMICO 500MCG X 10 TAB EVERMED
730170648978;ACIDO TRANEXAMICO 500MG/5ML I,V CAJA X 10 AMPOLLA KMPLUS
7591096001499;ADRENALINA 1 MG/1ML  Epinefrina X 1 AMPOLLA BIOSANO
203571228037;AGUA ESTERIL AMP 10ML CRUZ VERDE
7593255000114;AGUA OXIGENADA 3% 500CC ALNA
7593255000091;AGUA OXIGENADA 3% 100CC ALNA
759325500237;AGUA OXIGENADA 3% 120CC ALNA
7593255000107;AGUA OXIGENADA 3% 240CC ALNA
7703038050049;ALBENDAZOL 20ML CAJA X 12 SOBRE LAPROF
7703038050056;ALBENDAZOL 200 MG CAJA X 50TAB X 25  BLIST LAPROF
7598650000936;ALBENDAZOL 400MG X 2 TAB JL
7593255000305;ALCOHOL ABSOLUTO 96% 100CC ALNA
7593255000329;ALCOHOL ABSOLUTO 96% 240CC ALNA
7593255000312;ALCOHOL ABSOLUTO 96% 120CC ALNA
7596139004277;ALCOHOL AL 70% SOMTEX 240 ML SOMA (CHEMYCALS)
7593255000244;ALCOHOL ANTISEPTICO 70% 100CC ALNA
7593255000299;ALCOHOL ANTISEPTICO 70% 120CC ALNA
7593255000251;ALCOHOL ANTISEPTICO 70% 240CC ALNA
7593255000268;ALCOHOL ANTISEPTICO 70% 500CC ALNA
7593255000275;ALCOHOL ANTISEPTICO 70% 950CC ALNA
7591012045003;ALIVIAMED  ROLL-ON 25G LYA
7599028000381;ALIVIAMED CREMA 50 GR LYA
7702123006787;ALKA SELTZER CAJA  X  60 TAB BAYER
7592616005010;AMBROXOL 15MG/5ML PED X 120 ML KIMICEG
7707236124632;AMIKACINA 100MG/2ML CAJA X 10 AMPOLLA VITALIS
7800061020107;AMINOFILINA 250MG/10ML I,V X 1 AMPOLLA BIOSANO
7598008000113;AMIODARONA 200 MG  X 10 TAB LAND
7703038050063;AMITRIPTILINA 25MG CAJA X 400 TAB X 40 BLIST LAPROF
7598008000120;AMLODIPINA 10 MG CAJA X 100 TAB X 10 BLIST LAND
7592616014029;AMLODIPINA 10 MG X 20 TAB KIMICEG
8904179732842;AMLODIPINA 10 MG X 30 TAB ARTE MEDICO
8904159414515;AMLODIPINA 10MG X 10 TAB ADN
7590027002710;AMOXI+ACD CLAVULA 250/62,5MG 5ML X 60 ML SPEFAR
7590027000167;AMOXICILINA 250MG/5ML POLVO 45ML SPEFAR
7703712030039;AMOXICILINA 250MG/ML FCO X 60ML COASPHARMA
7750215007204;AMOXICILINA+A CLAV 250MG+62,5 X 60ML PORTUGAL
791466996319;AMOXIPRAD-CL 875/125MG X 16 TAB DPT
791466994964;AMOXIPRAD-CLS 600/42,9MG X 5 ML SUSP DPT
7592349911244;ANDANTOL JALEA X  20G VARGAS
8906009231020;ANOMEX ANTI-HEMORROIDAL X 10 SUP TIARES
7703712030091;ANTIACIDO ANTIFLAT MENTA SUSP 150 ML COASPHARMA
7592349001723;ANTIFOM 80MG/ML SUSP ORAL 20ML VARGAS
7592349001068;ANTIFOM FORTE 160MG X 10 COMP VARGAS
7592349722925;ANTIFOM COM/REC 40MG X10 VARGAS
BRIXFLU-2;BRIXFLU- 2 CAJA X 100 TAB X 10 BLIST  BRIXMEDIC
BRIXFLU-4;BRIXFLU- 4 CAJA X 100 TAB X 10 BLIST BRIXMEDIC
8904187862395;APROLOL (BISOPROLOL) 2,5MG X 30 TAB FONTI
7593090000034;APYRENE ACETAMINOFEN 650MG X 10 CAP FC PHARMA
7750215023792;ARCODEX 120MG ETORICIXIB X 7 TAB PORTUGAL
7591243802092;ARESAN 20 MG X 30 TAB BIOTECH
7591243802115;ARESAN 40 MG X 30 TAB BIOTECH
7596526000493;ARTROVIT GEL 120 GR TRIPLE ACCION
8906122851464;ATENOLOL 50 MG X 20 TAB ARTE MEDICO
7598008000175;ATENOLOL 50MG CAJA X 100 TAB X 10 BLIST LAND
8904179733900;ATENOLOL 50MG X 30 TAB ARTE MEDICO
791466993417;ATORVASTATINA (DROLIPI) 40MG X 10 TAB DPT
791466993400;ATORVASTATINA (DROLIPI) 20MG X 10 TAB DPT
7590027002581;ATORVASTATINA 40MG X 20 COMP SPEFAR
7590027002567;ATORVASTATINA 80MG X 20 COMP SPEFAR
7592349722161;ATROVERAN 10MG/ML GOTAS 15ML VARGAS
7703712030152;AZITROMICINA 200MG/5ML SUSP 15ML COASPHARMA
7750215017562;AZITROMICINA 200MG/5ML X 15 ML SUSP PORTUGAL
7770108671039;AZITROMICINA 500 MG X 5 TAB ARTE MEDICO
7703038131663;AZITROMICINA 500MG CAJA X 60 TAB X  20  BLIST LAPROFF
7598176000052;AZITROMICINA 500MG CAJA X 3 TAB ANGELUS
7590027002451;AZITROMICINA 500mg X 5 COMP SPEFAR
8906154610008;AZITROMICINA SUSP 200MG-5ML  30ML MABINE
7591012041221;AZUFRE CREMA 50 GR LYA
7598008002063;BACILLUS CLAUSII 2000M/5ML ORAL CJ X 10 LAND
7592616021010;BACITRACINA DERMICO 500UI/G X 15G KIMICEG
7593090002397;BARROCUTINA GEL LIMPIADOR FACIAL 120ML FC PHARMA
7593090000577;BARROCUTINA TON FACIAL ASTRINGENTE 120ML FC PHARMA
7591243804041;BETADERM CON GENTAMICINA 0,1/0,1 % 15G BIOTECH
7596526001346;BCAA 3000 AMINOACIDOS 650MG 50 CAPS NATURLIFES
438101012408;BECLOMETASONA 200MCG/200D INHALADOR MABINE
7591243804140;BETADERM 0,05% CREMA 15 G BIOTECH
7591243804164;BETADERM PLUS CREMA 15G BIOTECH
8904187831728;BETADILOL (CARVEDIL) 6,25MG X 30 TAB FONTI
7591243804331;BETAGEN 12MG/3ML AMPOLLA 3ML BIOTECH
7591243804287;BETAGEN 4MG/ML AMPOLLA 1ML BIOTECH
7591243804409;BETAGEN SOLSPEN AMPOLLA 1 ML BIOTECH
731946648444;BETAMETA+CLOTRIM+NEOMIC CREMA X 15GR ARTE MEDICO
7750215023396;BETAMETASONA 0,05 % CREMA 20G PORTUGAL
7598650000172;BETAMETASONA 4MG/ML I,M/I,V CAJA X 10 AMP JL
7899095203266;BETRICORT CREMA 30 G GEOLAB
769503302270;BICARBONATO DE SODIO  FRASCO X 200G ARAGUANEY
8904324100410;BIOAIR MONTELU+DESLORAT 10MG/5MG X 10TAB BIOVENEZUELA
7598455000285;BIOCLORFEN  10MG/1ML I,V I,M CAJA X 10 AMP BIOGLASS
8904210707167;BIODIPINA NIFEDIDINA LP X 30 TAB BIO-MERCY
8904210707112;BIOEZ ESOMEPRAZOL 20MG X 30 TAB BIO-MERCY
7598455000193;BIOFENAP (Diclofen Pot )75mg/3ml CAJA X 10 AMP BIOGLASS
7598455000209;BIOFENIT (FENITOINA) 250MG/5ML CAJA X 1O AMP BIOGLASS
8904210707051;BIONAPRIL ENALAPRIL 10MG X 30 TAB BIO-MERCY
8904210707044;BIONAPRIL ENALAPRIL 20MG X 30 TAB BIO- MERCY
7598455000278;BIOSETRON  8MG/4ML I,V/I,M AMP X 10 AMP BIOGLAS
7598455000162;BIOTRANEX  500MG/5ML I,V CAJA X 10 AMP BIOGLAS
7598455000155;BIOVIT C (ACD ASCOR) I,M/I,V X 10 AMP BIOGLAS
S/C000195;BIPERIDENO 2MG X 15 TAB BLISTER MK
7592349723618;BIPROLIL  2,5 MG X 15 COMP VARGAS
7592349723557;BIPROLIL 5MG X 15 COMP VARGAS
7592349001563;BIPROLIL 2,5 MG X 30 COMP VARGAS
7592349001570;BIPROLIL 5MG X 30 COMP VARGAS
S/C000201;BISOPROLOL 10 MG X 10 TAB KMPLUS
8906082150997;BISOPROLOL 10MG X 30 TABL FARMAMED
8906130230886;BISOPROLOL 2,5 MG CAJA  X 100 TAB X 10 BLIST BRIXMEDIC
8906130230893;BISOPROLOL 5MG CAJA X 100 TAB X 10 BLIST BRIXMEDIC
8904324102001;BISOPROLOL 5MG X 30 TAB EDS PHARMA
7467922681626;BISOPRUNI (BISOPROLOL) 5MG X 30 TAB UNIPHARMA
7591243805338;BLOCAX 8 MG X 30 TAB BIOTECH
7591243805420;BLOCAX PLUS 16MG/12,5MG X 30 TAB BIOTECH
7597072001187;BOOZSPORT CREMA 40 G BOOZ
7591243807202;BRAL 500 MG X 20 TAB BIOTECH
7501384506056;BREMOL NAPRO/PARACE 275/300MG  X 15TAB ARTE MEDICO
7591651896805;BRODLIN 0,005MG/5ML JARABE 120 ML  ZUOZ
7896112114413;BROMETO DE IPRTOPIO 0,25MG/ML TEUTO
7709990706628;BROMURO DE ROCURONIO 10MG/5ML I,V X 1AMP VITALIS
7598455000346;BUPIGLAS HIPERBARA 15+240MG 3ML CAJA  X 10 AMP BIOGLASS
7800061065306;BUPIVACAINA CLORHI 50MG/10ML AMP X 1 BIOSANO
7598852000796;CABERGUNI (CABERGOLINA) 0,5MG X 4TAB UNIPHARMA
7703153011468;CALCITRIOL 0,25 MCG CAJA X 30 CAPS COLMED
7467922682760;CALMEX-8 CAJA X 100 TAB X 10 BLIST
8906112611412;CANDEPRA 8 MG CAJA X 28 COMP ADN
8906112611429;CANDEPRA 16 MG CAJA X 28 COMP ADN
7598176000694;CANDESARTAN 8MG CAJA X 30 TAB ANGELUS
724373531090;CAPLAM (ALPRAZOLAM) 0.5MG X 30 TAB SNC PHARMA
781100195765;CAPLAM (ALPRAZOLAM) 1MG X 30 TAB SNC PHARMA
7598008000236;CAPTOPRIL 25 MG  CAJA X 10 TAB LAND
7598127001510;CAPTOPRIL 25 MG X 30 TABL BLUE MEDICAL
7592616576145;CAPTOPRIL 25MG CAJA X 20 TAB KIMICEG
7595368012732;SORKINOX (CARB + LEVOD) 250/25MG X 30 TAB SNCPHARMA
7591243807813;CARBATIL 12,5 MG CAJA X 30 TAB BIOTECH
7598008001233;CARBIDOP+LEVODO 25MG/250MG CAJA X 10 TABL LAND
7705959003609;CARBIDOPA + LEVODOPA 25MG/250MG X 30COMP GENFAR
8906082151192;CARBONATO DE LITIO 300MG X 20 CAPS FARMAMED
7591651930967;CARDIPIRINA 80MG CAJA X 30 CAPS
7590027002376;CARVEDILOL 12,5 MG CAJA X 10 COMP SPEFAR
7598008000267;CARVEDILOL 12,5MG CAJA X 10 TAB LAND
7592616576626;CARVEDILOL 12,5MG CAJA X 20 TAB KIMICEG
7598008000274;CARVEDILOL 25 MG CAJA X 10 TAB LAND
7592616576657;CARVEDILOL 25MG CAJA X 20 TAB KIMICEG
8906112610460;CARVIHEM (CARVEDILOL) 12,5MG ADN
7502226296562;CASPHARMA SENOSIDOS A-B 8,6MG CAJA X 20 ARTE MEDICO
7598650000202;CEFADROXILO 250MG/5ML SUSP X 100ML JL
S/C000271;CEFALOTINA 1G AMPOLLA X 1 UNID EL MORRO
7707236120900;CEFALOTINA 1G  I.M/I.V X 1 AMP VITALIS
7707236123307;CEFEPIMA 1G I.M/I.V VITALIS X 1 AMP VITALIS
6930169708087;CEFIXIMA POLVO/PARA SUSP 100MG/5ML BLUE MEDICAL
7709526459875;CEFRADINA 1 G I,V/I,M X 1 AMP VITALIS
7707236121969;CEFTAZIDIMA I,M,/I,V, 1G X 1 AMP VITALIS
7598650000226;CETIRIZINA  10MG CAJA X 10 TAB JL
7702184876732;CETIRIZINA 10 MG CAJA  X 400 TAB X 40 BLIST ECAR
7750215003299;CETIRIZINA 5MG-5ML JAB 60 ML PORTUGAL
7896523208022;CETOCONAZOL 20 MG- ML SHAMPOO CIMED
8904187829183;CIPRAXIL  CIPROFLOXACIN 500MG CJ X 6 TAB FONTI
7468999187684;CIPROFLOXACINA 200MG/100ML I,V X 1 AMP ALFA
730170649234;CIPROTERONA - ETINILESTRADIOL X 21 TAB KMPLUS
7595368000104;CITALOPRAM TROLAM 20MG CAJA X 20 COMP SNC PHARMA
7840036103503;CITICOLINA KOLNASI 500MG CAJA X 30 COMP SNC PHARMA
7598176000045;CLARITROMICINA 500MG CAJA X 10 TAB ANGELUS
7750215020647;CLAVUTRIM CL12H 875MG-125MG X 14 PORTUGAL
7750215962480;CLINDAMICINA 300 MG CAJA X 100 TAB X 10 BLIS PORTUGAL
8904178930348;CLOBETASOL CREMA TOPICA X 25 G ARTE MEDICO
7598431000070;CLOE CLORMADI+ETINILES CAJA X 21TAB VINCENTI
7800061095105;CLONIXATO LISINA 100MG/2ML BIOSANO
731946648536;CLOPIDOGREL 75 MG CAJA X 10 TAB ARTE MEDICO
7590027002024;CLOPIDOGREL 75MG CAJA X 14 COMP SPEFAR
7800061105101;CLORFENIRAMINA 10MG/1ML AMP X 1 UNID BIOSANO
7703712030695;CLORFENIRAMINA MALEATO 4MG CAJA X 20 TAB COASPHARMA
7898216362431;CLORIDRATO DE PROPANOLOL 40MG CAJA X 30 TAB PHARLAB
7597773000038;CLORURO DE MAGNESIO SOBRE X 25G
7750215136249;CLOTRIMAZOL 1% CREMA 20 G PORTUGAL
7707184161093;CLOTRIMAZOL 1% CREMA TOPICA 40G FARMIONI
7770108122203;CLOTRIMAZOL 1% CREMA VAG X 30 GR ARTE MEDICO
7592616584102;CLOCIM CLOTRIMAZOL 1%TOP CREMA 20G KIMICEG
7598650000257;CLOTRIMAZOL CREMA 1% 20 G JL PHARMA
8904097387148;CO-AMOXICLAV 1000MG CAJA X 14 TAB ADN MEDICAL
7596526001384;COGNIVIT X 30 CAP NATURLIFES
7596526000028;COLAGENO PLUS 650 MG X 50 CAPS NATURLIFES
8906005118363;COLCHICINA 1MG CAJA X 30 TAB EVERMED
8906005118233;COLCHICINA 500 MCG CAJA X 30 TAB EVERMED
7591243810028;COLGESIC 400MG-4MG CAJA X 15 COMP BIOTECH
7702184010082;COMPLEJO B  CAJA X 250 TAB X 25 BLIST ECAR
7898108640609;CONFIRA (PRUEBA DE EMBARAZO) 1 TEST SANFARMA 4G
7596139000200;CREMA FRIA ANTIEDAD SOMA 50 G (CHEMYCALS)
7796285053468;CRISPLUS  ORLISTAT 120MG CAJA X 30 CAPSULAS
S/C000373;CUBRE BOCA 4 TIRAS QUIRURG CAJA X 50 UND
8906130232002;DAUNORUBICINA POLVO  20MG IV X 1 AMP
7707193642439;DELIFON OXIBUTININO 5 MG CAJA X 20 TAB
7592616576558;DESLORATADINA 5MG CAJA X 10 TAB KIMICEG
7590027002253;DESLORATADINA 5MG X10 COMP SPEFAR
7592616579016;DESLORATADINA JARABE 2,5MG/5ML X 60ML KIMICEG
8904209413635;DEXAMETASONA 4MG CAJA X 10 ADN
7750215026502;DEXAMETASONA 4MG CAJA X 100 TAB X 10 BLIST PORTUGAL
7598650000370;DEXAMETASONA 4MG/ML I,M/I,V CAJA X 10 AMP JL
7591096000218;DEXAMETASONA 8MG/2ML I,V/I,M X 1 AMP BIOSANO
8906130231814;DEXTROMETORFANO SOLU ORAL 15MG/5ML 120ML BRIXMEDIC
7591243811704;DIAGESIC 75MG/3ML X 2 AMPOLLAS 3ML BIOTECH
7598252000556;DIAMIB 500MG/5ML POLV SUSP PED 15ML
7896116865618;DIANE 35 CAJA X 21 TAB
731946648567;DICLOFENAC POT+ACETAMINOFEN X 10 TAB ARTE MEDICO
8906130230978;DICLOFENAC SODICO 100MG CAJA X 100TAB X 10 BLIST BRIXMEDIC
8906130230961;DICLOFENAC SODICO 50MG CAJA X 100 TAB X 10 BLIST BRIXMEDIC
229687658735;DICLOFENACO POTASICO 75MG/3ML I,M/I,V CAJA X 10 AMP CRUZ VERDE
8908020229031;DICLOFENAC POTASIC 50MG CAJA X 100TAB X 10 BLIST NAUTICA
18906051722719;DICLOFENA SODICO 50MG SUP (LONAC) TIARES
7590027000495;DICLOFENAC DIETILAMINO 1,16% X 15 G GEL SPEFAR
6942189211461;DICLOFENAC POTASICO 100MG X10 TAB KMPLUS
8906045360456;DICLOFENAC POTASICO 50 MG CAJA X 20 TAB ARTE MEDICO
6942189304156;DICLOFENAC SODICO 50MG X 10 TAB KMPLUS
7707236128739;DICLOFENAC SODICO 75MG/3ML CAJA X 10 AMP VITALIS
7703712030237;DICLOFENACO GEL 1% X 50 G COASPHARMA
7592616165028;DICLOFENACO POTASICO 50MG CAJA X 20 TAB KIMICEG
8906130230985;DIGOXINA 0.25MG CAJA X 100 TAB X 10 BLIST BRIXMEDIC
7592349001037;DIHIDROLIP COMP/REC 20 MG X 10
7703038050216;DINITRAT DE ISOSORBID 10 MG CAJA  X  300TAB X 30  BLI ST LAPROFF
228598745626;DIPIRONA 1G/2ML I,M/I,V CAJA X 10 AMP CRUZ VERDE
7707236128814;DIPIRONA 1G/2ML CAJA X 10 AMP VITALIS
7598252000396;DISCETAM 100MG/ML SOLUCION  ORAL X 150ML DISTRILAB
7598252000501;DISFENAC 1,8MG/ML SUSP PED 120ML DISTRILAB
8906130231999;DOCETAXEL 20MG/0,5ML  PARA INFU IV
8906130232187;DOCETAXEL 80MG/2ML PARA INFUS IV AMP
8906130231180;DOLOBRIX  CAJA X 100 TAB X 10 BLIST BRIXMEDIC
7598176000212;DOMPERIDONA 10 MG CAJA X 30 TAB ANGELUS
8904278581549;DOMPERIDONA 10 MG CAJA X 100 TAB X 10 BLIST FAHD
7590027001843;DOMPERIDONA 10MG CAJA X 20 COMP SPEFAR
736372795601;DOMPERIDONA 10MG CAJA X 30 TAB FAHD
8906130231982;DOXORUBICINA 50MG PARA INFUS IV AMP
791466993431;DROPRES CANDESARTAN 16MG CAJA X 10 TAB DPT
791466993424;DROPRES CANDESARTAN 8MG CAJA X 10 TAB DPT
7591651932299;DUVADILAN ISOXSUPRINA 10MG CJ X 30 COMP
ERBRIX50;ERBRIX 50MG SILDENAFIL CAJA X 8 TAB BRIXMEDIC
ERBRIX100;ERBRIX 100MG SILDENAFIL CAJA X 8 TAB BRIXMEDIC
7800061170109;EFEDRINA 6%/1ML AMP X 1 UNID BIOSANO
7598008000366;ENALAPRIL MALEAT 10 MG CAJA X 100 TAB X 10 BLIST LAND
8906130230213;ENALAPRIL 10 MG CAJA X 100 TAB X 10 BLIST BRIXMEDIC
8904271594652;ENEMAX-P FRASCO 66ML PEDIATRICO FAHD
8906130232149;ENZALUTAMIDA 40MG CAJA X 28 CAPS
8906130231975;EPIRRUBICINA 50MG INFUS IV X 1 AMP BRIXMEDIC
7598677000315;ESCITALOPRAM 10MG CAJA X 30 TABLETAS CLEO
7501384506872;ESLISTICA (BROM DE PINAVERIO) 100MG X 14 TAB ARTE MEDICO
7703038065920;ESPIRONOLACTONA 25MG CAJA X 20 TABLETAS LAPROFF
7598176000465;ETORICOXIB 90MG CAJA X 10 TAB ANGELUS
7591651001452;ETOROCZIA 60MG ETORICOXIB CAJA X 10 TAB
7501298224954;LEVOTIROXINA100 MCG CAJA X 50 TAB EUTIROX MERCK
7596526000554;TOFLEM ADULT EXPECTORANTE X 240 ML NATURLIFES
7468191031921;FAMOTIDINA 20MG CAJA X 100 TAB X 10 BLIST INMENOL
7468191031938;FAMOTIDINA 40 MG CAJA X 100 TAB X 10 BLIST INMENOL
7592616197012;FAMOTIDINA 40 MG X10 TAB CAJA KIMICEG
7591243817607;FEM DUCHA VAGINAL 135 ML BIOTECH
7800061191166;FENITOINA SODICA 250MG/5ML I,V X 1 AMP BIOSANO
7592616576992;FEXOFENADINA 120MG CAJA X 10 TAB KIMICEG
7598176000274;FINASTERIDE 5MG CAJA X 30 TAB ANGELUS
7800061210201;FITOMENADIONA 10MG/1ML AMP X 1 BIOSANO
7896714203768;FLAVONID X 30 TAB
7592349722536;FLESPAN COM/REC 10MG X 10
8904210707204;FLUBIONAZOL 150 MG X 2 TAB BIO-MERCY
7598008000397;FLUCONAZOL150 MG CAJA X 10 TAB LAND
7590027000563;FLUCONAZOL 150mg X2 Capsulas SPEFAR
7703038066996;FLUCONAZOL 200 MG CAJA X 100 TAB X 25 BLIST LAPROFF
7468999187714;FLUCONAZOL 200MG/100ML I,V X 1 AMP ALFA
7703712032705;FLUNARIZINA 10MG X 20 TAB COASPHARMA
7703712031661;FLUOXETINA 20MG CAJA X 14 TAB COASPHARMA
8904187874138;FORMIT (METFORMINA) 1000MG X 30 TAB
8904187829589;FORMIT METFORMINA 500MG CAJA X 30 TAB
7592349723595;FOSFOLIT 21,6G - 8,1G/45ML
7796285255022;FOTEX TOBRAMICINA OFTALM GOTAS 5ML ELEA
7596139000040;FRAILEJON JARABE SOMA 120 ML (CHEMYCALS)
8906112611344;FUROSEMIDA (FUROPRA) 20MG/ML IM/IV CAJA X 5 AMP ADN
7703712033504;FUROSEMIDA 40MG CAJA X 100TAB X 10 BLIST COASPHARMA
GABABRIX-B;GABABRIX-B CAJA X 100 TAB X 10 BLIST BRIXMEDIC
7590027002093;GABAPENTINA 300MG CAJA X 20 CAPS SPEFAR
7590027002109;GABAPENTINA 400MG CAJA X 20 CAPS SPEFAR
8906112610569;GABAPRA 75MG CAJA X 14 TAB ADN
7593255000381;GEL ULTRASONIDO 250CC ALNA
8906130231951;GEMCITABINA 1000MG INFUS IV X 1 AMP
8906130231944;GEMCITABINA 200 MG INFUS IV X 1 AMP
7707236122393;GENTAMICINA 160MG/2ML I,V/I,M CAJA X 10 AMP VITALIS
7707236127428;GENTAMICINA 80MG/2ML I,V/I,M CAJA X 10 AMP VITALIS
8904250520771;GESTASYN (PROGTER) 200MG CAJ X 10 TAB TIARES
7598650000318;GLIBENCLAMIDA 5MG CAJA X 10 TAB JL
8906130231029;GLIBENCLAMIDA 5MG CAJA X 100 TAB X 10 BLIST BRIXMEDIC
7592349923957;SUPOSITORIOS DE GLICERINA 2.88G ADULT X 6
8906130231036;GLIMEPIRIDA 2MG CAJA X 100 TAB X 10 BLIST BRIXMEDIC
7598008000427;GLIMEPIRIDE 2MG CAJA X 10  TAB LAND
7591651001681;GLIPTIN-M 50-500MG SITA+METF CJ X 30 TAB
7591651001469;GLUCOFRED GLICLAZIDA 80MG CAJA X 10 TAB
7596526000097;GLUCOSAMINE CHONDROITIN 1200 MG X 50 CAP
7898100242900;GRIPALCE PARAC + CLORF+CLORIFEN X 20 CAP
18904030979338;GYNO-BIO 500/100 MG CAJA X 14 COMP VAG BIOVENEZUELA
7592349844757;GYNOVIT SOL VAG 130 ML
7592349722963;HENOVIC SOLUC ORAL GOTAS X 30 ML
8906130231067;HIDROCLOROTIAZIDA 25MG CAJA X 100 TAB X 10 BLIST BRIXMEDIC
7590027002536;HIDROCLOROTIAZIDA 12,5MG CAJA X 10 COMP SPEFAR
8906130231050;HIDROCLOROTIAZIDA 12.5MG CAJA X 100 TAB X 10 BLIST BRIXMEDIC
7703712031326;HIDROCLOROTIAZIDA 25MG X 240 TAB X 16 BLIST COASPHARMA
7703712034679;HIDROCORTISONA 1 % 15 G CREMA COASPHARMA
8906112611856;IBUPRA 800 MG CAJA X 10 TAB ADN
7590027002413;IBUPRO+TIOCOLCH 400/4MG  CAJA X 10 COMP SPEFAR
8906102520083;IBUPROFENO  200MG CAJA X 100 TAB X 10 BLIST BIOVENEZUELA
7592616220017;IBUPROFENO 400MG CAJA X10 TAB KIMICEG
8906130230114;IBUPROFENO 600MG CAJA X 100 TAB X 10 BLIST BRIXMEDIC
7703038066606;IBUPROFENO 800 MG CAJA X 300 TAB X 30 BLIST LAPROFF
7592616221014;IBUPROFENO SUSP 100MG/5ML X 60ML KIMICEG
8906082150775;IBUPROFENO-TIOCOLCHICOSIDO 600 Mg-4 X10 FARMAMED
8906130231937;IFOSFAMIDA 1 G POLVO INFUS IV X 1 AMP
8906130232118;IMATINIB 400 MG CAJA X 30 COMP
8906112611450;IRBEPRA-150 150MG CAJA X 7 COMP ADN
8906130231074;IRBESARTAN 150 MG CAJA X 100 TAB X 10 BLIST BRIX MEDIC
7590027002796;IRBESARTAN 150mg X30 COMP SPEFAR
7750215008744;IRBESARTAN 300MG CAJA X 50 TAB X 5 BLIST PORTUGAL
7590027002802;IRBESARTAN 300mg X30 COMP SPEFAR
7592349722949;KETAZOL KETOCONAZOL CHAMPU 2% 60ML
7707019334203;FUNGISTEROL KETOCONAZOL CHAMPU 100ml BIOQUIFAR
7598455000414;KETOGLAS KETOPRO100MG-2ML I,V-I,M X 10 AMP BIOGLAS
8904159499789;KETOPROFENO 100MG CAJA X 10 TAB ADN MEDICAL
228598745633;KETOPROFENO 100MG/2ML I,M/I,V CAJA X 10 AMP CRUZ VERDE
7709990751901;KETOPROFENO 100MG/5ML I.V CAJA X 10 AMP VITALIS
7590027001942;KETOROLACO 10MG CAJA X 20 TAB SPEFAR
7800061000390;KETOROLACO TROMETAMOL 30MG/1ML X 1AMP BIOSANO
788070698777;KLOZENA (CLONAZEPAM) 0.5MG X 30 TAB SNC PHARMA
788070698784;KLOZENA CLONAZEPAN 2MG CAJA X 30 COMP SNC PHARMA
7596526000141;L- GLUTAMINE 500 MG FRASCO X 50 CAPS NATURLIFES
7707288824641;LAMOTRIGINA 100MG CAJA X 100 TAB X 10 BLIST HUMA
7707288824610;LAMOTRIGINA 50MG CAJA X 100 TAB X 10 BLIST HUMA
7750215007846;LANSOPRAZOL 30MG CAJA X 100 CAP X 10 BLIST PORTUGAL
7593090001123;L-CARNITINA SOLU ORAL 1G/10ML X 120 ML FC PHARMA
8904179736048;LEBELLA DROSP+ETINILES 3/0,03MG  X 21COM ARTE MEDICO
8906109691236;LEVOFLOXACIN 500MG CAJA X 5 TAB ADN MEDICAL
7468999187707;LEVOFLOXACINA 100ML INFUSION I,V X 1 ALFA
8906130230237;LEVOFLOXACINA 500MG CAJA X 100 TAB X 10 BLIST BRIXMEDIC
8906130230244;LEVOFLOXACINA 750MG CAJA X 100 TAB X 10 BLIST BRIXMEDIC
7590027002314;LEVOFLOXACINA 750MG CAJA X 5 COMP SPEFAR
7592616577005;LEVOFLOXACINA 750MG CAJA X 5 TAB KIMICEG
7896112403166;LEVONOR 0,15MG +ETINILE 0,03MG X 21 COMP
7598008002056;LEVOTIROXINA 100 MG CAJA  X 10 TAB LAND
7598008000496;LEVOTIROXINA 50 MCG CAJA X 10 TAB LAND
7591012010208;LINAZA 25 GR PAPELETA
7908020502586;LINOFEME  X21 COMP
7592349001167;LIT  ENEMA ADULTO 16G-6G/100ML
7592349001150;LIT ENEMA PED 10,8G-4,05G/67,5ML
7591243831474;LOGANIL 250MG 5ML ADULTO 120 ML BIOTECH
7591243831641;LOKARIN 5MG 60MG 5ML 60 ML BIOTECH
7592349723571;LOPERAM TAB X 10
8904324101400;LOPERAMIDA 2MG X20 TAB ZUZU
7592616361017;LORATADINA 10 MG CAJA X 10 TAB KIMICEG
7703038050339;LORATADINA 10 MG CAJA X 400 TAB X 40 BLIST LAPROFF
7598650000462;LORATADINA 10MG CAJA X 10 TAB JL
7592616583051;LORATADINA+AMBROXOL 5-30MG 5ML X 60ML KIMICEG
7592349723755;LOSARTAN POTASICO 100MG CAJA X 10 TAB GENERICO DE CALIDAD
7592616576374;LOSARTAN POTASICO 100MG CAJA X 10 TAB KIMICEG
7592349001174;LOSARTAN POTASICO 100MG CAJA X 30 COMP GENERICO DE CALIDAD
7703038067719;LOSARTAN POTASICO 100MG CAJA X 300 TAB X 30 BLIST LAPROF
7592616366043;LOSARTAN POTASICO 50MG  X 20 TAB KIMICEG
7703038050346;LOSARTAN POTASICO 50MG CAJA X 300 TAB X 30 BLIST LAPROF
7896714208565;LOSARTANA POTASICA 50MG X 30 COMP NEO QUIMICA
7590027002499;LOSARTAN POTASICO 50MG CAJA X 14 TAB SPEFAR
7592349001051;LUMBAX TAB 600 MG X 10 VARGAS
7451108300135;MACRO-GOTERO 20 GOTAS PAQ X 25 UNIDAD BIO-MERCY
7596526000714;MAGNEVIT ADVANCED 500MG X 50 CAPS NATURLIFES
7599028000695;MANZANILLA 5G PAPELETA LYA
7598506000080;MASCARILLA COLA DE PESCADO AD C AJA X 10
7598506000042;MASCARILLA DE NINOS ESTAMPADA  CAJA X 10
7598506000066;MASCARILLA DESEC CAJA X  50 UNID AZUL
7598506000097;MASCARILLA NIA COLA DE PESC  CAJA X 10
7596526000516;MELATIANIN PLUS MELATONINA CAJA X 30 CAP
8906122851471;MELOXICAM 15 MG CAJA X 20 TAB ARTE MEDICO
7598176000472;MELOXICAM 15MG CAJA X 10 TAB ANGELUS
7750215010310;MELOXICAM 15MG CAJA X 100 TAB X 10 BLIST PORTUGAL
7592616375014;MELOXICAM 15MG X10 TAB KIMICEG
7707236121822;MELOXICAM 15MG 1,5ML  I,M AMP CAJA X 10 AMP VITALIS
7591012038004;MENTOL UNGUENTO 10G
7593090001628;MENTORUB TUBO X 15 GR FC PHARMA
7707236125035;MEROPENEM 500MG I.V AMP X 1 VITALIS
7598650000486;METAMIZOL 50MG/ML I,M/I,V X 1 AMP JL
8906078135717;METFORMINA 500 MG CAJA X 30 TAB ZUZU
8906082150744;METFORMINA 500 MG CAJA X 30 TAB FARMAMED
8906130230275;METFORMINA 850 MG CAJA X 100 TAB X 10 BLIST BRIXMEDIC
7598650000844;METILDOPA 250 MG X 10 TAB JL
8904187835108;METIPRAZOL PANTOPRAZOL 40MG CAJA X 7TAB
7598008000557;METOCLOPRAMIDA 10 MG CJA X 10 TAB LAND
7703712033061;METOCLOPRAMIDA 4MG/ML X 30 ML ORAL COASPHARMA
6942189304316;METRONIDAZOL 125MG/5ML 100ML SUSP KMPLUS
7703712035799;METRONIDAZOL 500MG CAJA X 100 TAB X 10 BLIST COASPHARMA
7703712031456;METRONIDAZOL SUSP 120ML COASPHARMA
7592616382012;METRONIDAZOL SUSP ORAL 125MG/5ML 120ML KIMICEG
7596139004185;MICODERM CREMA ANTIMICOTICA AZUFRE 50 G (CHEMYCALS)
7702098400900;MICROPORE 2,5CM X 9,1 M X UNIDAD
7702098031333;MICROPORE 5CM X 9,1 M X UNIDAD
7592349527124;MODERAN 10,1G/15ML SOLUCION 120 ML VARGAS
7590027002154;MONTELUKAST 10 MG CAJA X 10 TAB SPEFAR
8906130231111;MONTELUKAST 10MG CAJA X 100 TAB X 10 BLIST BRIXMEDIC
7591243834062;MONTRAX 4 MG CAJA X 10 TAB BIOTECH
7591243834086;MONTRAX 4 MG CAJA X 30 TAB BIOTECH
793869810537;MOTIDEL ENZIMATIC 200/80 MG CAJA X 10 TAB DISKAM
8906142160171;MOXIFLOXACINA 400 MG CAJA X 10 TAB ARTE MEDICO
7591651723651;MUCOLIPTO 15MG/5ML JARABE X 90ML
7592616136585;MUCOMAX 30MG/5ML SOLUC ORAL X 120ML KIMICEG
7592616583075;MUCOMAX SUSP 15MG/5ML 120 ML KIMICEG
7706309000262;NAFAZOL OXIMETAZOLINA 0,05% X 15 ML VINCENTI
7703038050452;NAPROXENO 500 MG CAJA X 300 TAB X 30 BLIST LAPROFF
8904324102711;NAPROXENO SODICO 550 MG CAJA X 10 COMP ZUZU
7896523202600;NARIX NAFAZOLINA GOTAS NASAL 0,5MG/30ML
7591096002328;N-BULTI ESCOPOLAMINA+METAMIZO 20MG/2,5G 5ML I,V/I,M BIOSANO
791466994940;NEBIVOLOL BLOCTEN 5MG CAJA X 30 TAB DPT
7896714231143;NEOSORO NAFAZOLINA GOTAS  NASAL NEOQUIMICA
7598455000261;NEOSTIGMINA BIOSTIGMIN 0,5MG/ML I,V/I,M X 10 AMP BIOGLAS
7707236121594;NEOSTIGMINA METILSULFATO 0,5MG/ML CAJA X 10 AMP VITALIS
7598852001496;NEROXUM ESOMEPRAZOL 20MG CAJA X 28 TABLETAS UNIPHARMA
7598852001502;NEROXUM ESOMEPRAZOL 40MG CAJA X 28 TABLETAS UNIPHARMA
8906130231159;NIFEDIPINA 30 MG  CAJA X 100 TAB X 10 BLIST BRIXMEDIC
8904269002336;NIFEDIPINA 30 MG CAJ X 100 TAB X 10 BLIS CRUZ VERDE
7598650000523;NIFEDIPINA 30MG X 10  TAB JL
731946648680;NIFEDIPINA L.P 30 MG  X 30 TAB ARTE MEDICO
731946648505;NIMESULI 100MG+PARACET 500MG CAJ X 10TAB ARTE MEDICO
7592349722451;NIPE SOL/ORAL 100MG/0.25MG X 30ML
7592349551860;NIPE JARABE X 120 ML
7703712031388;NISTATINA SUSP X 60ML COASPHARMA
7703038066729;NITROFURANTOINA 100MG CAJA X 300 TAB X 30 BLIST LAPROFF
8902382730013;NIZOX NITAZOXANIDZ 500MG CAJA X 6TAB
7501384506865;NOVALI (LERCANIDIPINO) 10MG X 30 TAB
7703689087821;OCEIRA (LEVON+ETINILES)  X 21 TAB BLIST
791466993516;OLMESARTAN 20 MG (OLMEPLUS) X10 TAB DPT
7598127001640;OLMESARTAN MEDOXOMIL 20MG X 30 TABL BLUE MEDICAL
7590027000174;OMEPRAZOL 20MG CAJA X 28 CAPS SPEFAR
8906130230084;OMEPRAZOL 20MG CAJA X 100 TAB  10 BLIST BRIXMEDIC
8904159415178;ONDASETRON 8MG CAJA X 10 TAB ADN MEDICAL
7598677000070;ONDASETRON 8MG CAJA X 10 TAB CLEOPHARMA
7800061001953;ONDASETRON 8MG/4ML I,V X 1 AMP BIOSANO
7591651722302;ORALZINC SALES DE REHI CAJA X 1 SOBRE
7598852001649;OXITOCINA 10UI/ML I,M - I,V CAJA X 5 AMP UNIPHARMA
7598852001403;OXITOCINA 5IU/ML I,M-I,V CAJA X 10 AMP UNIPHARMA
8906130231913;PACLITAXEL 100MG/16,7 ML INFUS IV X 1AMP
8906130231906;PACLITAXEL 300MG/50ML INFUS IV X 1 AMP
7703712033641;PAMOATO D PIRANTEL 250MG CAJA X 60 TAB X 6 BLIST COASPHARMA
8904210707181;PANTOBIO PLUS PANTOPRAZOL 40 MG CAJA X 30 TAB BIO-MERCY
8906069872591;MOXIFLOXACINA 400 MG X 10 TAB KMPLUS
8906130231173;PANTOPRAZOL 40MG CAJA X 100 TAB X 10 BLIST BRIXMEDIC
7501033959967;PEDIALYTE CEREZA ACTIVE 500ML ABBOTT
8906130231890;PEMETREXED USP 500MG POLVO I,V X 1 AMP
652931974297;PENICILINA 6,3,3 I,M X 1 AMP EL MORRO
6921875010779;PENICILINA BENZATINICA 2,400 UI I,M 1 AMP KM
7596347805420;PENICILINA G 1000 IM/IV  X 1 AMPOLLA DPT
7596347805536;PENICILINA G 2.400 X 1 AMPOLLA DPT
8906130231296;PENTOXIFILINA 400MG CAJA X 100 TAB X 10 BLIST BRIXMEDIC
7410000703956;PEPSADEL [BISMUTOL ] SUSPENSION 120 ML DISKAM
7410000705080;PEPSADEL CAJA X 12 TABLETAS MASTICABLES DISKAM
7593090000348;PERLAVIS HOMME BAO INTIMO 200ML FC PHARMA
7707236121549;PIPERACILINA-TAZOBACTAM 4,0G-0,5G VITALIS
7598852000642;PLAN B (LEVONORGESTREL) 0,75MG X 2TAB UNIPHARMA
7750215021415;PLATSIDERM CREMA SULFADIAZINA DE PLATA 1% + LIDOCAINA 0,6% X 50G PORTUGAL
7703153003586;POLIVITAMINAS Y MINERALES FUNDA X 100 CAPS X 10 BLIST COLMED
7596526000479;POTI TOBI VITAMINS KIDS X 60 GOMITAS
8906112610392;PRACIPRO (CIPROFLOXACINA) 500MG ADN
7598176000175;PREDNISOLONA 5MG CAJA X 30 TAB ANGELUS
7598650000554;PREDNISONA 5 MG CAJA X 10 TAB JL
7750215003770;PREDNISONA 5MG CAJA X 100 TAB X 10 BLIST PORTUGAL
S/C000858;PREGABALINA 150MG CAJA X 10 TAB KMPLUS
S/C000860;PREGABALINA 75 MG CAJA  X  30 TAB MABINE
7592349001549;PREVERAL JBE C/DEXTRO REFORMULADO 120ML
7596526000370;PROBIOTAL MINERA+PROBIOT CAJA X 30 CAP
8904179736055;PROGESTEL (PROGESTERONA) 200MG X 30 TAB ARTE MEDICO
8906005118325;PROGESTERONA 100MG CAJA X 30 TAB EVERMED
7592349723489;PROMEDINA JBE 120 ML
7591243843101;PROPANOLOL 40 MG CAJA X 20 TAB BIOTECH
7502245840425;PROPOFOL 200MG/20ML AMP X 1 UNID VITALIS
8906130231210;PROPRANOLOL 40 MG CAJA X 100 TAB X 10 BLIST BRIXMEDIC
7598852001076;PROVUNI (MEDROXIPROGESTERO) 10MG X 28 TAB UNIPHARMA
7598852001069;PROVUNI (MEDROXIPROGESTERONA) 5MG X 30 TAB  UNIPHARMA
7707236127305;RANITIDINA 50MG/2ML AMPOLLA CAJA X 10 AMP VITALIS
7501384549954;REMICITAL (CITALOPRAM) 20 MG X 15 TAB ARTE MEDICO
7707019420753;RESFRYGRIP PLUS CAJA X 100 CAPS BLISTER
7591243845105;RINOT CAJA X 12 CAPS BIOTECH
8908020242535;RISPERIDONA 1MG X 20 TABLETAS FARMAMED
8904210707372;ROSUVASTATIN 40MG X 30 TAB BIO-MERCY
8906130231449;ROSUVASTATINA 10 MG CAJA X 100 TAB X 10 BLIST BRIXMEDIC
7596139000033;SABILA JARABE SOMA 120 ML (CHEMYCALS)
8901117247888;SALBUMED SALBUTAMOL 100MCG INH X 200 DOS
8470007971832;SALBUTAMOL ALDO-UNION SUSP PARA 200 DOSIS
8906130231807;SALES DE REHIDRATACION SOBRE X 20,5 G BRIXMEDIC
7592616471013;SECNIDAZOL 500MG CAJA X 4 TAB KIMICEG
8904324102650;SERTRALINA 50MG CAJA X 1O TAB ZUZU
7703712030787;SILDENAFILO 50MG CAJA X 2 TAB COASPHARMA
7593090000010;SINUTIL DIA CAJA X 10 CAPS FC PHARMA
7593090000713;SINUTIL DIA Y NOCHE CAJA X 9 CAP 6D 3N FC PHARMA
791466994957;GLYCEMPLUS SITAG/METF 50/500MG X 30 TAB DPT
788070698715;SITINA 50MG  SITAGLIPTINA X 30 COMP SNC PHARMA
7598650000776;SOLUCION  GLUCOFISIOLOGICA 500ML JL
793869810544;SUCRADEL SUCRALFATO SOBRE  6GR CAJA X 10 SOBRE DISKAM
7598852000710;SUCRALUNI 1 G CAJA X 10 TAB UNIPHARMA
7597767000013;SUEROLITO COCO 400 ML
7597767000020;SUEROLITO FRESA 400 ML
7597767000341;SUEROLITO MANZANA 400 ML
7597767000037;SUEROLITO UVA 400ML
7592616480015;SULFADIAZINA DE PLATA 1% CREMA 30G KIMICEG
7800061425407;SULFATO DE MAGNESIO 25% 5ML I,V/I,M X 1AMP BIOSANO
7702184010617;SULFATO FERROSO 200MG CAJA X 250 TAB X 25 BLIST ECAR
7702184011775;SULFATO FERROSO 300MG CAJA X 300 TAB X 25 BLIST ECAR
7590027001454;SULTAMICILINA 750MG CAJA X 6 COMP SPEFAR
7598252000563;SULTAMICILINA SUSP 250MG/5ML X 100 ML DISTRILAB
8906130231241;TADABRIX TADALAFILO 20 MG CAJA  X 4 TABS BRIXMEDIC
7591243849622;TAMOA 250 MG CAJA X 6 COMP BIOTECH
8906130231258;TAMSULOSINA 0,4MG CAJA X 100 TAB X 10 BLIST BRIXMEDIC
8906112610521;TAMSULOSINA (TAMSUHEM) 0,4MG 10TAB ADN MEDICAL
7590027002918;TAMSULOSINA 0,4MG CAJA X 30 TAB spefar
7592616576909;TAMSULOSINA CLORHIDR 0,4MG CAJA X 20 TAB KIMICEG
8904178903960;TAMSULOSINA L.P 0.4 MG CAJA X 10 TAB ARTE MEDICO
8906130232088;TEMOZOLOMIDA 100MG  X 5 CAPSU BRIXMEDIC
8904187868632;TENSACLO OLMESARTAN 20MG  X 20TAB FONTI
7592616584126;TERBINAFINA CREM 1% X 15 G KIMICEG
7467922681657;TIGOFAR (LEVOTIROXINA) 200MG CAJA  X 100 TAB X 10 BLIST
7467922681466;TIGOFAR (LEVOTIROXINA) 50MG CAJA  X 100 TAB X 10 BLIST
7599028000152;TINTURA DE ARNICA 30ML LYA
731946648611;TIOCOLCHI+IBUPROFE 4/400 MG CAJA X 10TAB ARTE MEDICO
8906082151468;TIOCOLCHICOSIDO 4 MG  X 10 TAB FARMAMED
8906122851488;TOBRAMICINA+DEXAMETASONA X 5 ML GOT OFTAL ARTE MEDICO 5 ML
7759050000043;TONOPAN MIGRAA CAJA X 100 TAB X 10 BLIST PORTUGAL
7896714257600;TORSILAX CAJA X 200 TAB X 20 BLIST NEO QUIMICA
8904324101998;TORVASTEX (ATORVASTATINA) 40MG CAJA X 30 EDS PHARMA
7703712035928;TRIMEBUTINA MALEATO 200MG CAJA X 330 TAB X 33 BLIST COASPHARMA
8906130230329;TRIMETO+SULFAMETO 160/800 MG CJ X 100TAB X 10 BLIST BRIXMEDIC
7770108671077;TYPIREC ANTIGRIPAL DIA Y NOCHE  X 10 TAB ARTE MEDICO
7750215015209;ULCEALIV ESOMEPRAZOL CAJA X 28  CAPS PORTUGAL
7770108671121;ULTRA ANTIFLA 800+400MG  FRESA X 20COMP
7770108670575;ULTRA ANTIFLAT 800+400MG MENTA X 20 COMP
7598852000086;UNIPENEM (MEROPENEM) 1G AMP I,V UNID UNIPHARMA
7598852000307;UNIXIME (CEFIXIME) 400MG X 10TAB UNIPHARMA
7592349949872;VESTAX TAB 650 MG X 10
7502226296722;VIDAMIL INFANTIL VIT A-C-D PED SUSP 15ML
7707816989682;VITAFER-L DE 10 ML CAJA X 15 SACHET
7707816985783;VITAFER-L FRASCO X 20ML
7707816989873;VITAFER-L FRASCO X 500 ML
7593090000669;VITAMINA C 500 MG CAJA X 30 CAPS FC PHARMA
6921875006017;VITAMINA C 500MG I.M/I.V CAJA X 10 AMP + 10 JERINGA FAHD
8904278576835;VITAMINA C 500MG MASTIC CAJA X 100 TAB X 10 BLIST FAHD
7703153024796;VITAMINA E 400U,I CAJ  X 100  CAPS X 10 BLIST COLMED
7598852001250;YODUNI (SOLUCION YODADA AL 10%) X120 ML UNIPHARMA
7591243856705;YONAL 15MG/5ML X 120 ML BIOTECH
7591243856729;YONALAT 15MG/3MG  5 ML X 120 ML BIOTECH
7594003280048;NIOSILIN UNGUENTO X 20 G VARGAS
7591651001476;GLIIPTIN-M 50MG-500MG x 10  COMP.  ZUOZ
7592349926194;ACIDO FOLICO 10MG COMP X20 GENERICO DE CALIDAD
7592349001129;ATROVERAN 10mg TAB RECUBIERTAS X10
730170649142;AMIODARONA 200MG X 10 TAB KMPLUS
7592349001020;DIHIDROLIP COMP/REC 10 MG X 10
7592349923872;SUPOSITORIOS DE GLICERINA 1.68G PED X 6
7592616013039;AMLODIPINA 5MG X 30 TAB KIMICEG
7598176000342;AMLODIPINO 5MG X 30 TAB ANGELUS
7592349001044;LUMBAX TAB 400 MG X 10 VARGAS
7592349723229;NOVACODIN JBE X 120 ML
7703038050025;ACICLOVIR 200MG X 240 TAB x 30 BLIST LAPROF
7592349429787;KETAZOL CREM X 15 G
7592349001075;LUMBAX TAB 800 MG X 6 VARGAS
7598176000441;ACIDO FOLICO 5MG X 60 TAB ANGELUS
793869810438;ANTIAC ALUM+MAGN+SIMETICONA X 10 TAB DISKAM
7592782000741;LEVOFERIN 30MG/5ML 90ML VINCENTI
89060698725911;LEVOCETIRIZINA 5MG X 10 TAB KMPLUS
7598176000038;LEVOFLOXACINA 500MG X 10 TAB ANGELUS
8906005117588;LEVOFLOXACINA 500MG X 10 TAB FARMAMED
5060560910732;TRIDERMARON BETAME+CLOTRI+GENTAMI  CREMA 15G UNIPHARMA
8906009238555;TRIMIC FORTE L METRONIDAZOL+MiCONAZOL+LIDOCAINA X7 OVULOS TIARES
730170649173;BETAHISTINA 16MG X 10 TAB KMPLUS
730170648947;BETAHISTINA 8MG X 10 TAB KMPLUS
7598677000025;BETAMETASONA 0.05% CREMA 20G CLEO
7598852001373;UNIGRIP FORTE GRANULADO X6 SOBRES UNIPHARMA
7592782000055;BEVINDAZOL 400MG/10ML  10ML VINCENTI
7596526000684;UROLPROT SAW PALMETTO 400mg X30 CAP NATURLIFES
7598176000236;VALSARTAN 160mg X10 TAB ANGELUS
7750215005873;LOPERAMIDA 2MG CAJA X 100TAB X 10 BLIST PORTUGAL
5062045250821;TOBRA+DEXAMTASONA OPHTHARON 5ML GOTAS UNIPHARMA
7592616204017;ACETAMINOFEN (FEBRILIX) 120MG/5ML 120 ML KIMICEG
8904210707143;BIOFLOX LEVOFLOXACINA 750 X 5 TAB BIO-MERCY
7598455000247;BIOFOLIC ACIDO FOLICO 10MG/1ML I.V/I,M CAJA X 10 AMP BIOGLAS
8904210806204;BIOGAVALINA PREGABALINA 75MG X 30 CAPS BIO-MERCY
8904210707150;BIOSULFIL SULFADIAZINA DE PLATA CREMA 1% 30 G BIO-MERCY
8904210707013;BIOTAMSUL TAMSULOSINA 0.4MG X 30 TAB BIO-MERCY
8904210707105;BIOTELMIC TELMISARTAN 40 MG X 30TAB BIO-MERCY
8904210707099;BIOTELMIC TELMISARTAN 80MG X 30 TAB BIO-MERCY
7598455000308;BIOVIT K FITOMENADIONA 10MG/1ML I.V/I.M X 10 AMP BIOGLAS
7596526000103;BIOTIN COMPLEX 10.000MCG X 30 CAPS NATURLIFES
7750215021927;BISMUALIV 87.33MG/5ML 150ML PORTUGAL
791466994827;BISOPROLOL 2.5MG X 30 TAB DPT
7598176000205;BISOPROLOL 10MG X 30 TAB ANGELUS
730170649333;IRBESARTAN 300MG X 10 TAB KMPLUS
7598176000311;METFORMINA 1G X 30 TB ANGELUS
791466995978;MESYFEM NORETISTE+ESTRADIOL JERI PRELLENADA 1ML DPT
8904210707389;METFORMINA 1000 MG X 30 TAB BIO-MERCY
7598431000179;VINSULON 0.4 MG X 30 CAP VINCENTI
6942189304200;METOCLOPRAMIDA 10MG X 10 TAB KMPLUS
7750215796597;METRONIDAZOL 250MG/5ML 120 ML PORTUGAL
7468999187691;METRONIDAZOL INFUSION 100ML ALFA
7707236120146;VECURONIO BROMURO AMPOLLA 4MG x 1 UNID VITALIS
7598176000076;GABAPENTINA 300MG X 30 CAPS ANGELUS
6942189211300;FUROSEMIDA 40MG X 10 TAB  KMPLUS
7598677000209;VENLAFAXINA 75 MG X 30 TAB CLEOPHARMA
7592782000963;FUROSIL FURAZOLIDONA 50MG/15ML 90ML VINCENTI
8904210808147;ZITROBIO AZITROMICINA 200MG /5ML X 30ML CHICLE BIO-MERCY
7598650000622;DIGOXINA 10 TABLETAS 0,25 MG JL
7598176000489;DIGOXINA 0,25  30 TABLETAS ANGELUS
7598176000618;DILTIAZEM 120 MG 30 TABLETAS RECUBIERTAS ANGELUS
7596347802542;DROPREXA OLANZAPINA 10MG X 10 TAB DPT
7598176000502;ATORVASTATINA 40 MG X 30 TAB ANGELUS
6942189530265;CARBAMAZEPINA 200MG X 10 TAB KMPLUS
730170648930;ATORVASTATINA 40MG X 10 TAB KMPLUS
7702195713507;CAPTOPRIL 50 MG 30 TABLETAS RECIPE DPT
7750215000632;CAPTOPRIL 25 MG CAJA X 100TAB X 10 BLIST PORTUGAL
8904210707082;AMBIODIPINA AMLODIPINA 5MG X 30 TAB BIO-MERCY
7598176000151;FLUOXETINA 20 MG X 30 CAPS ANGELUS
791466994834;BISOPROLOL  5MG 30 TABLETAS DPT
7592616200026;FLUCONAZOL 150MG X 2 CAPS KIMICEG
7598176000281;FLAVOXATO 200MG X 30 TAB ANGELUS
793869810308;BROSIDUAL BROMURO DE PINAVERIO / SIMETICONA 100 MG/ 300 MG 10 CAP DISKAM
7592782000338;BUTROPINA SOLUCION ORAL 20 ML  USO PEDIATRICO VINCENTI
7750215025475;BUSDOL (HIOSCINA+PARACET) CAJA X 100TAB X 10 BLIST PORTUGAL
6942189304293;GENTAMICINA 5GR UNGUENTO OFT 0.3% KMPLUS
7598455000100;GENTAGLAS GENTAMICINA 160MG/2ML I.V/I.M CAJA X 10 AMP BIOGLAS
7598455000353;GENTAGLAS GENTAMICINA 80MG/2ML I.V/I.M CAJA X 10 AMP BIOGLAS
196852522460;MAITE (ENANTATO NORETIST + ESTRADIOL) 50MG /5MG X 1AMP TIARES
7800061001601;BUPIVACAINA CLORHIDRATO HIPERBARICA 15 MG / 2 ML BIOSANO
7750215026212;CEFADROXILO 250MG/5ML 60 ML PORTUGAL
7598176000267;CARVEDILOL 12.5MG X 30 TAB ANGELUS
7592616011028;ATENOLOL 50MG X 30 TAB KIMICEG
8904210707396;ATORVASTATIN 40MG X 30 TAB BIO-MERCY
8904210806426;ATORVASTATIN 20 MG X 30 TAB BIO-MERCY
7598677000476;PROFLOX SUCRALATO 1G/5ML SUSPENSION  200 ML SABOR MENTA CLEO
7596347807172;PARACETAMOL 500 MG 10 CAPSULAS BLANDAS DPT
8904210707488;PREGABALINA 150 MG 30 CAPSULAS BIO MERCY
7598176000854;PENAPRIL PREDNISOLONA 3MG/ML SOLUCION ORAL PEDIATRICA SABOR NARANJA ANGELUS
7598852001465;PREDNISUNI ACETATO DE PREDNISOLONA GOTAS OFTALMICA UNIPHARMA
7750215029381;PREDNISONA 50 MG 10 TABLETAS PORTUGAL
5060560911470;PARACETAMOL 500MG CAJA X 100TAB X 10 BLIST RONADOL
7703038067214;PREDNISOLONA 5MG CAJA X 100TAB X 10 BLIST LAPROFF
8904210707426;OLMESARTAN 20MG X 30 TAB BIO-MERCY
7598677000414;ESCITALOPRAM 5 MG 30 TABLETAS CLEO
7598650000288;ENALAPRIL MALEATO TABLETAS 10 MG JL
7750215007433;PREDNISONA 5MG/5ML SOLUCION ORAL 60 ML PORTUGAL
7592616192024;ENALAPRIL MALEATO 20 MG X 30 TAB KIMIICEG
7750215029633;COMTREX ANTIGRIPAL CAJA X 4 SOBRES DIA Y 2 SOBRES NOCHE X 5G PORTUGAL
7592616367026;LOSARTAN+HIDROCLORO 50/12.5MG X 10 TAB KIMICEG
7750215002834;LORATADINA 5MG/5ML 60ML PORTUGAL
7598176000120;LOSARTAN 50MG X 30 TAB ANGELUS
7598176000090;LOSARTAN + HIDROCLOROTIAZIDA 50/12.5MG X 30 TAB ANGELUS
7592616576398;LOSARTAN 100MG X 30 TAB KIMICEG
7598176000021;CIPROFLOXACINO 500MG X 10 TAB ANGELUS
8906081306876;CLINFAST CLINDA+CLOTRI OVULOS X 3 TIARES
08906051293069;CLOBETA 0.05+NEOMIC 0.5+MICONA 2% 20G CREMA ARTE MEDICO
7598852000963;CLINDUNI CLINDAMICINA 300MG X 16 CAPS UNIPHARMA
7598176000700;CLINDAMICINA 300MG X 10 CAPS ANGELUS
7750215026632;CLAVUTRIM 500MG+125MG AMOX+ACD CLAVULA X 10 TAB PORTUGAL
7896523206691;CIMECORT CETO+BETAME+NEOMICI CREMA 30G CIMED
7800061080101;CIANOCOBALAMINA 0.1MG/1ML VIT B12 I.M X 1 AMP BIOSANO
7598677000230;CEFIXIMA KAZEPINA  400 MG X 10 TAB CLEOPHARMA
7598852000994;CERAGESTREL DESOGESTREL 75MCG X 28 TAB UNIPHARMA
7592616083018;CETIRIZINA 1MG/ML 60ML  JARABE KIMICEG
7598677000056;HALOPERIDOL 5MG X 30 TAB CLEO
8904210707440;GLIMEPIRIDE 2MG X 30 TAB BIO-MERCY
7597767000358;SUEROLITO FRUIT PUNCH 400 ML
7592616110028;CLOTRIMAZOL 1% - 50G KIMICEG TOPICO
7592782001755;CODEBROMIL PLUS JARABE 90ML VINCENTI
8904278582768;DEFLAZACORT 6mg X10 TAB MABINE
7592782000604;SINUTIL JARABE 90ML VINCENTI
7592616576596;SILDENAFIL 50MG X 2 TAB KIMICEG
7894164009633;SUERO SABOR A TUTTI FRUTTI 500 ML SALUDX
7598176000304;SITAGLIPTINA + METFORMINA CLORHIDRATO 50MG - 500MG 30 TABLETAS ANGELUS
PREGABA MABINE;PREGABALINA 150mg x30 TAB MABINE
6034387234820;SOLUCION 0.9% CLORURO DE SODIO 500 ML KMPLUS
7598677000063;SERTRALINA 50MG X 30 TAB CLEO
IPRATROPIO MABINE;BROMURO DE IPRATROPIO 20MCG/ 200 DOSIS INHALADOR MABINE
7598650000561;SECNIDAZOL 1G X 10 TAB JL
7598852001441;SIMETUNI SIMETICONA 80MG/ML 20ML UNIPHARMA
7598677000018;CLOTRIMAZOL - DEXAMETASONA 1% - 0,04% CREMA 10GR CLEOPHARMA
7592616584157;CLOTRIMAZOL 10% CREMA VAGINAL 7 GR KIMICEG
6942189304132;DEXAMETASONA 1MG X 10 TAB KMPLUS
8904187830677;CLOTRIMAZOL 500 MG 1 OVULO + APLICADOR TIARES
8904187829503;CLOTRIMAZOL 100MG - 6 TAB VAG + APLICADOR TIARES
8906045946193;DEXTOBRAM SUS OFTALMICA TORAMICINA + DEXAMETASONA 5ml VINCENTI
8904187866065;METRONID+MICONA 750/200MG  X 6 OVULOS + APLICADOR TIARES
7592782000116;DIARONA X10 TAB VINCENTI
MOXIFLO- 400MG;MOXIFLOXACINA 400MG X 5 TAB KMPLUS
8904250515456;ESTRASYN ESTRADIOL CREMA VAGINAL 0,01% 30G TIARES
7592616030012;BALSADER POMADA 30 G KIMICEG
8906069872492;FINASTERIDA 5MG X 10 TABLETAS KMPLUS
7592616583068;MUCOMAX PLUS X 60ML KIMICEG
8906005118240;ETORICOXIB 120 MG 10 TABLETAS EVERMED
6942189304217;NAPROXENO 500MG X 10 TAB KMPLUS
7598431000155;NEXOVIN 20 MG ESOMEPRAZOL 30 CAPSULAS GASTRORESISTENTES  VINCENTI
7703038066620;NIMESULIDA 100 MG  CAJA X 300 TAB X 30 BLIST LAPROFF
7750215003817;KETOCONAZOL 2% 20G CREMA PORTUGAL
7592616584027;KETOCONAZOL CREM 2% X 15 G KIMICEG
7750215008751;CLOPIDOGREL 75MG x 30 TAB PORTUGAL
8906005118226;CLOMIFENO 50 MG X 30 TABLETAS EVERMED
8904187861770;KETOPROFENO 100mcg / 2ml IV/IM CAJA X 10 AMP TIARES
7703038050544;SULFATO FERROSO 300mg CAJA X 300 TAB X 30 BLIST LAPROFF
7598176000410;SULTAMICILINA 750mg X10 TAB ANGELUS
TADALALJ;TADALAFILO 10mg X4 TAB JL
TADASIVA120;TADASIVA SILDENAFIL+ TADALAFIL X6 TAB AMERICAN REMEDIES
TAMS0.4MGT-9810;TAMSULOSINA CLORHIDRATO 0.4mg x10 TAB JL
7598176000069;TAMSULOSINA 0.4mg x30 TAB ANGELUS
8906078136172;MELOXICAM 7.5 MG X 10 TAB ZUZU
8904324102742;FINASTERIDE 5MG X 10 COMP ZUZU
8904324101554;FLUOXETINA 20 MG X 20 CAP ZUZU
8906045361545;GLICAZIDA 60 MG X 30 COMP ZUZU
8904324101226;BISOPROLOL 10 MG X 30 TAB ZUZU
8906045361088;CLOPIDOGREL 75 MG X 30 TAB ZUZU
8906078136141;DESLORATADINA 5MG X 10 TAB ZUZU
8906078135670;DICLOFENAC POTASICO 50MG X 10 TAB ZUZU
DONE10ZUZU;DONEPEZIL 10 MG X 10 TAB ZUZU
DONE5ZUZU;DONEPEZIL 5 MG X 10 TAB ZUZU
8904324102766;DUTASTERIDA 0.5MG X 30 TAB ZUZU
8906159251992;NIFEDIPINA 30 MG X 30 TAB ZUZU
8906159250308;PREGABALINA 75 MG X 30 TAB ZUZU
8906159250117;SIMETICONA 125 MG X 10 TM ZUZU
8906159250100;SIMETICONA 40 MG X 10 TAB ZUZU
DICPOTZUZUAMP;DICLOFENAC POTASICO 75 MG X 2 AMP ZUZU
8904324102674;LACTULOSA 10G/15ML ZUZU
8906045361712;DERMATREZ (CLOT+NEO+DEX)  30 GR ZUZU
8904324102599;SULFADIAZINA DE PLATA 1% CREMA 30G ZUZU
7598008000083;PARACETAMOL 500MG CAJA X 100TAB X 10 BLIST LAND
7598008000137;AMLODIPINA 5MG CAJA X 100 TAB X 10 BLIST LAND
8906159250209;ATENOLOL 50 MG X 30 TAB ZUZU
7598008000168;ATENOLOL 25MG CAJA X 100TAB X 10 BLIST LAND
7598008000182;ATORVASTATINA 20mg x10 TAB LAND
7598008000199;ATORVASTATINA 40mg x10 TAB LAND
7598008000021;BROMEXINA 4mg / 5ml JARABE LAND
7598008001950;CARVEDILOL 6.25mg x10 TAB LAND
VITA-MIX X 100TAB;VITA-MIX REGULAR X 100 TAB ZUZU
7598008001936;CARVEDILOL 25mg X10 TAB LAND
7598008001745;DESONIDA 0.1% 15g CREMA LAND
7598008000342;DICLOFENAC POTASICO 50MG CAJA X 100TAB X 10 BLIST LAND
8906130230220;ENALAPRIL 20 MG CAJA X 100TAB X 10 BLIST BRIXMEDIC
7598008000939;METRONIDAZOL 500mg x10 TAB VAGINALES LAND
8906130231012;FUROSEMIDA 40 MG CAJA X 100TAB X 1O BLIST  BRIXMEDIC
8906130231821;IBUPROF+TIOCOLCH 600MG-4MG CAJA X 100TAB X 10 BLIST BRIXMEDIC
8906130231340;LORATADINA 10MG CAJA X 100 TAB X 10 BLIST BRIXMEDIC
8906130231098;LOSARTAN + HIDROCLO 50MG-12.5MG CJ X 100TAB X 10 BLIST BRIXMEDIC
8906130231128;MONTELUKAST 5MG CAJA X 100TAB X 10 BLIST BRIXMEDIC
8906130231135;NIFEDIPINA 10 MG CAJA X 100TAB X 10 BLIST BRIXMEDIC
8906130231142;NIFEDIPINO 20 MG CAJA X 100TAB X 10 BLIST BRIXMEDIC
8906130231166;OLMESART+ HIDROCLO 40MG/12.50MG CAJ X 100TAB X 10 BLIST BRIXMEDIC
7598008002421;TRIMETOP+SULFAMETOX 80mg+400mg X 10 TAB  LAND
7598008001318;VITAMINA C 500MG CAJA X 10 TAB  MASTICABLES LAND
8906130230817;AMLODIPINA 5MG CAJA X 100 TAB X 10 BLIST BRIXMEDIC
8906130230855;ATORVASTATINA 20MG CAJA X 100 TAB X 10 BLIST BRIXMEDIC
8906130230039;CARVEDILOL 12.5MG CAJA X 100 TAB X 10 BLIST BRIXMEDIC
8906130230923;CEFIXIMA 400 MG CAJA X 100 TAB X 10 BLIST BRIXMEDIC
8906130230473;CETIRIZINA 10 MG CAJA X 100TAB X 10 BLIST BRIXMEDIC
8906130230930;CIPROFLOXACINA 500MG CAJA X 100TAB X 10 BLIST BLISTER BRIXMEDIC
8906130231081;CITICOLINA 500 MG CAJA X 100 TAB X 10 BLIST BRIXMEDIC
8906130230954;DESLORATADINA 5MG CAJA X 100TAB X 10 BLIST BRIXMEDIC
8906130230558;KETOCONAZOL 2% CREMA - 15GR BRIXMEDIC
7597767000334;SUEROLITO CHICLE 400 ML
7597767000327;SUEROLITO MANDARINA 400 ML
8906130230169;CLINDAMICINA 600MG / 4ML  X 1 AMP BRIXMEDIC
8906130230596;IBUPROFENO 100MG /5ML  SUSP 100 ML BRIXMEDIC
8906130230916;CEFIXIMA 100MG/5ML POLVO SUSP - 60ML BRIXMEDIC
8906130231784;SIMVASTATINA 40 MG CAJA X 100 TAB X 10 BLIST BRIXMEDIC
8906130230541;GENTAMICINA CREMA 0.1%  - 20 GR BRIXMEDIC
8906130230350;VITAMINA K 10MG / ML - CAJA X 10 AMP BRIXMEDIC
8906130232163;ANASTROZOL 1MG TAB - 28 TAB BRIXMEDIC
LANCETAS50PZAS;LANCETAS PARA GLUCOMETRO CAJA X 50 PZAS ESTERILANCE
TENSIOMDIG;TENSIOMETRO DIGITAL DE MUECA ELECTRONIC
TIRASGLUCOMETRO;TIRAS PARA GLUCOMETRO X 50 PZAS IVD
8904278577498;CLOPIDOGREL CAJA X 100 TAB X 10  BLIST FAHD
8904151800989;CIPROFLOXACINA 500MG CAJA X 100 TAB X 10 BLIST FAHD
8904151838524;ESOMEPRAZOL 40MG CAJA X 100 CAPS X 10 BLIST FAHD
736372795625;ROSUVASTATINA 20MG X 20 TAB FAHD
7796285255169;ZOPIROL 0.50% TIMOLOL GOTAS OFTA FAHD
736372795694;CIPROFLOXACINA 500MG X 10 TAB FAHD
6921875010229;AMOXICILINA 500MG CAJA X 100 CAPS X 10 BLIST FAHD
736372795717;IBUPROFENO 600MG X 10 TAB FAHD
8904278590688;BECLOMETA+GENTAM+CLOTRIM CREMA 30G FAHD
6921875009940;KETOPROFENO 100MG I,V X 1AMP FAHD
736372795618;DICLOFENA POTASICO 50MG X 10 TAB FAHD
7708908625549;DAFLON 500MG X 30 COMP SERVIER
7702184011430;LOSARTAN 50MG CAJA X 300 TAB X 20 BLIST ECAR
7502268544928;FITOMENADIONA 10MG/1ML X 5 AMP ADN
8906112610477;CARVIHEM CARVEDILOL 6.25MG X 30 TAB ADN
8906112610514;DROXYHEM CEFADROXILO 500MG X 12 TAB ADN
8906109691237;AZITROMICINA 500MG X 5 TAB ADN
8904187876484;SUCRALFATO 1G X 20 TAB ADN
8904187887596;TEOFILINA SOLUC ORAL 80MG/15ML 100ML ADN
8906109692295;SUCRALFATO 1G/5ML SUSP 80ML ADN
8904187855700;DEXMEDETOMIDINA 100MCG/ML I.V 2ML X 5 AMP ADN
8906112610699;SULTAHEM SULTAMICILINA 750MG X 16 TAB ADN
8904159414300;TRIMET+SULFAMETOXAZOL 80/400MG X 5 ML X 1 AMP ADN
7707264579145;MEROPENEM 1G I.V X 1 AMP VICAR
7703712035034;SULFADIAZINA DE PLATA 1% 30 G CREMA COASPHARMA
7703712030077;AMPICILINA 250MG/5ML POLVO 60ML COASPHARMA
7703712030992;CLOTRIMAZOL 1% CREMA VAGINAL 40G COASPHARMA
7703712030718;AMOXICILINA 500MG CAJA X 100 CAPS X 10 BLIST COASPHARMA
7703712032439;CLARITROMICINA POLVO 250MG/5ML X 50 ML COASPHARMA
7703712032538;CLOTRIMAZOL 1% CREMA TOPICA 40G COASPHARMA
7592348203104;BENFLUX 30MG X 20 TAB POLINAC
7592348203005;BENFLUX 15MG/5ML JARABE 120ML POLINAC
7592348204002;BROMEXINA 8MG/5ML JARABE 120ML POLINAC
8699525093516;COLASTIN-L 10MG X 30 TAB DEVA
8699525093523;COLASTIN-L 20MG X 30 TAB DEVA
7592348511315;DIADEX ANTIPAALITIS CREMA 50 G POLINAC
7592348413824;MADECASOL  1% UNGUENTO CREMA 10G POLINAC
7592348413848;MADECASOL 10MG X 30 TAB POLINAC
7592348218108;MADECASOL 2% POLVO 5G POLINAC
7501075725414;GLUNOVAG 500MG X 60 TAB NOVAG
7501075725421;GLUNOVAG 850MG X 30 TAB NOVAG
7592348218009;LISOMUCIN 4MG/5ML JARABE 120 ML ATRAL
7592348218023;LISOMUCIN 8MG/5ML JARABE 12O ML ATRAL
7592348227025;POLANTAC ANTIACIDO X 10 TAB POLINAC
7592348227506;POLIFIX X 22G POLVO  POLINAC
736372544148;JERINGAS 3CC CAJA X 100 UND VIPSALUD
736372544155;JERINGAS 5CC CAJA X 100 UND VIPSALUD
MACROGOTERO;MACROGOTERO SET DE INFUSION BOLSA X 25 UND VIPSALUD
736372544193;CATETER INTRAVENOSO 18G VERDE CAJA X 50 UND VIPSALUD
736372544247;GUANTES QUIRURGICOS DE LATEX T6.5 CAJA X 50 PARES VIPSALUD
736372544254;GUANTES QUIRURGICOS DE LATEX T7 CAJA X 50 PARES VIPSALUD
736372544285;SUTURA CROMICO #1 AGUJA CURVA CAJA X 12 UND VIPSALUD
736372544292;SUTURA VICRYL #O AGUJA CURVA CAJA X 12 UND VIPSALUD
736372544322;SUTURA NYLON 3-0 AGUJA RECTA CAJA X 12 UND VIPSALUD
736372544353;"GASA ESTERIL 4"" X 4"" CAJA X 50 SOBRES VIPSALUD"
7598008001707;KETOPROFENO 100MG X 10 TAB LAND
7598008000694;DIOSMINA+HESPERIDINA 450+50MG X 10 TAB LAND
7598008000311;CLOPIDOGREL 75MG X 10 TAB  LAND
7707184161420;CLOTRIMAZOL CREMA VAGINAL 1% 40GR FARMIONNI
3582910023623;INSULINA GLARGINA 100U/3ML SOLOSTAR LANTUS
791466994926;CLORTALIDONA (TENSIORETIC) 12,5MG X 30 TAB DPT
791466996029;ACIDO ACETILSALICILICO (ASPIPRAD) 81MG X 30 TAB DPT
7596347807189;METFORMINA 500MG X 10 TAB DPT
7703153021900;CALCITRIOL 0,50MCG FUNDA X 30 CAPSULAS
7591243848731;SURIDE 25MG X 30 COMP BIOTECH
7591243842203;PRALINA 75MG X 14 CAPS BIOTECH
7591243851083;TONUM 1MG/ML SUSP 100ML BIOTECH
7591243851106;TONUM 10MG X 30 TAB TAB BIOTECH
7591241846647;SAXACID SOLUCI VAGINAL FCO 135ML C/CANULA BIOTECH
7591243801750;AMIODARONA 200 MG X 10 TAB BIOTECH
7591243803167;AZUTAN 0.15% COLUTORIO 180ML BIOTECH
7591243807370;BROFLEMA 8MG/5ML EXPECTORANTE 120 ML BIOTECH
7591243803600;BEPRODERM CREMA 15G BIOTECH
7591243807820;CARBATIL 6.25MG X 30 TAB BIOTECH
7591243807868;CARBONATO DE LITIO 300MG X 20 CAPS BIOTECH
7591243811483;DECA LENTERMINA COMPLEX BIOTECH
7591243839753;OROZIM PANCREATINA 192MG X 20 TAB BIOTECH
7591243837452;NORSINA X 12 TAB BIOTECH
7591243834574;MULTIDERM 2% UNGURNTO 15G BIOTECH
7591243832181;LUDROX CLOPIDOGREL 75MG X 30 TAB BIOTECH
7591243831993;LOSARTAN POTASICO 50MG X 30 TAB BIOTECH
7591243831511;LOGANIL PED 100MG/5ML 120ML BIOTECH
7591243826777;IVAGAN FORTE X 10 TAB BIOTECH
7591243814347;EKICAL ALIMENTO LIQUIDO 120 ML BIOTECH
7591243811728;DIAGESIC 108MG/ML SUSP 120ML BIOTECH
7591243818345;FLUOXETINA 20MG X 14 CAPS BIOTECH
7591243820355;GINACOL 0.1% SOLUCION VAGINAL 135ML BIOTECH
7591243826425;ISOSPRAY 0.50%-0.03% COLUTORIO 30 ML BIOTECH
7591243826708;IVAGAN X 10 TAB BIOTECH
7591243826494;ISOSPRAY PLUS 0.15%-0.25% 180ML BIOTECH
7591243817782;FLENOX SOLUCION ORAL 15MG/5ML 120ML BIOTECH
7591243817829;FLENOX SOLUCION ORAL 30MG/5ML 120 ML BIOTECH
7591241817968;FLEXURAT 500MG-400MG X 30 TAB BIOTECH
7591243815801;ERILON 0.1% DESONIDA CREMA 15G BIOTECH
7590027001126;AMOXICILINA 750MG  X 10 COMP SPEFAR
7590027002642;DEXAMETASONA 4MG X 10 COMP SPEFAR
7590027000686;AMLODIPINO 10MG X 20 COMP SPEFAR
7590027000891;BISOPROL+HIDROCLOROTIA 10MG-6.25MG X 2O COMP SPEFAR
7590027000921;SULTAMICILINA 250MG/5ML 60ML SPEFAR
7590027002819;HIDROCLOROTIAZIDA 25MG X 20 COMP SPEFAR
7590027000662;LORATADINA 10 MG X 10 COMP SPEFAR
7590027002673;QUETIAPINA 25MG X 30 COMP SPEFAR
7590027002666;QUETIAPINA 100MG X 30 COMP SPEFAR
7590027002727;RIVAROXABAN  10 MG X 30 TAB SPEFAR
7707236121044;CEFAZOLINA 1G I.M/I.V X 1 AMP VITALIS
7590027001669;ACETAMINOFEN 650MG X 10 COMP SPEFAR
7590027000679;LORATADINA 1MG/ML JARABE 60ML SPEFAR
7592710003738;ALCACHOFA+CENTELLA ASIAT 175/175MG X 30 CAPS HERBAPLANT
7592710003721;ARTYPLANT 400MG X 30 CAPS HERBAPLANT
7592710003783;CARTILAGO TIBURON+ UA D GATO X 30 CAPS HERBAPLANT
7592710003943;GINSENG SIBERIANO 408MG X 30 CAPS HERBAPLANT
7592710004094;PIRA+GINKGO BILOBA 250/250MG X 30 CAPS HERBAPLANT
7592710003790;CASCARA SAGRADA 430MG X 30 CAPS HERBAPLANT
7592710004162;SAW PALMETTO 300MG X 30 CAPS HERBAPLANT
7592710004148;RIOCARE 460MG X 30 CAPS HERBAPLANT
7592710000454;CASTAO DE INDIAS 450MG X 60 CAPS HERBAPLANT
7592710003998;HEPAPROTEC 500MG X 30 CAPS HERBAPLANT
7592710003851;COLONPLANT 400MG X 30 CAPS HERBAPLANT
7592710002854;CLORURO DE MAGNESIO 140ML SOLUCION HERBAPLANT
7592710001253;BEUSAN PLUS 140ML TOS SECA JARABE HERBAPLANT
7501298224930;LEVOTIROXINA 50 MCG X 50 TAB EUTIROX MERCK
7896523208770;FLUCONAZOL 150MG X 2 CAPS CIIMED
7707236125868;N-BULTI+DIPIRONA I.M/I.V CAJA X 10 AMP VITALIS
7707236123048;N-BULTIB HIOSCINA I.M/I.V CAJA X 10 AMP VITALIS
7898633381961;POLIMAIS INMUNIDADES C.D.E ZINC X 60 CAP
8906130231005;FLUCONAZOL 150MG X 2 CAPS BRIXMEDIC
89061302314491;ROSUVASTATINA 20MG CAJA X 100TAB X 10 BLIST BRIXMEDIC
7598008000403;FUROSEMIDA 40MG CAJA X 100 TAB X 10 BLIST LAND
7598008001523;GLIMEPIRIDE 4MG X 10 TAB LAND
7598008002018;TAMSULOSINA 0.4MG X 10 TAB LAND
7598008000540;METFORMINA 500MG X 10 TAB  LAND
7598008001301;AMITRIPTILINA 25MG X 10 TAB LAND
RECOLECTOR;RECOLECTOR DE ORINA PAQ X 50 UNID
736372544360;CUBREBOTAS NO TEJIDO 16X40CM X 50 PARES VIP
0736372544179;SET DE INFUSION BURETA 150 PAQ X 5 UNIDS VIP
6942189211324;ACICLOVIR CREMA TOPICA 5% 5GR KMPLUS
6942189530227;CARBOCISTEINA 100MG/5ML PED X 100ML KMPLUS
6942189530234;CARBOCISTEINA 250MG/5ML SUSP 100ML KMPLUS
8906069872461;DIOSMINA 600MG X 10 TAB KMPLUS
6942189530258;ACIDO ACETILSALICILICO 81MG X 30 TAB KMPLUS
8904030802042;GENTAPLUS GENTAMICINA OFT 0.3%-10ML KMPLUS
730170649326;IRBESARTAN 150MG X 10 TAB KMPLUS
6942189304149;DICLOFENAC SODICO 100MG X 10 TAB KMPLUS
0730170649111;MOMETASONA CREMA 0.1% 30G KMPLUS
730170649104;MOMETASONA SPRAY 0.05% 100 DOS 10ML KMPLUS
730170649418;NIMESULIDA 100MG X 10 TAB KMPLUS
730170649449;PREGABALINA 75MG X 10 TAB KMPLUS
730170649159;ATORVASTATINA 20MG X 10 TAB KMPLUS
730170649180;BISOPROLOL 10MG X 10 TAB KMPLUS
730170649197;BISOPROLOL 2.5MG X 10 TAB KMPLUS
730170649203;BISOPROLOL 5MG X 10 TAB KMPLUS
TAMSULKMPLUS;TAMSULOSINA 0.4MG X 10 CAPS KMPLUS
7703038050193;COMPLEJO B CAJA X 300 TAB X 30 BLIST LAPROF
7750215001868;KETOROLACO 10MG CAJA X 100 TAB X 10 BLIST PORTUGAL
7590027000990;VALSARTAN 160 MG X 20 CAPS SPEFAR
7590027002857;CANDESARTAN 8MG X 30 COMP SPEFAR
7590027001010;CIPROFLOXACINA 750MG X 6 COMP SPEFAR
7596793000981;AGUJA ESPINAL 23G X 10 UNDS ECOMED
7596793001025;AGUJA ESPINAL 27G X 10 UNDS ECOMED
7596793000295;SONDA FOLEY DE SILICONE 2 VIAS 14FR X 10 UNDS ECOMED
7596793001803;SONDA FOLEY DE SILICONE 2 VIAS 16FR X 10 UNDS ECOMED
7590027000600;IBUPROFEN SUSP PED 100MG/5ML 60ML SPEFAR
7596793001827;SONDA FOLEY DE SILICONE 2 VIAS 18FR X 10 UNDS ECOMED
7596793001841;SONDA FOLEY DE SILICONE 2 VIAS 20FR X 10 UNDS ECOMED
0117596793002265;SONDA FOLEY DE SILICONE 2 VIAS 22FR X 10 UNDS ECOMED
7596793001865;SONDA FOLEY DE SILICONE 3 VIAS 18FR X 10 UNDS ECOMED
7596793001889;SONDA FOLEY DE SILICONE 3 VIAS 20FR X 10 UNDS ECOMED
7596793001919;SONDA FOLEY DE SILICONE 3 VIAS 24FR X 10 UNDS ECOMED
0117596793002272;SONDA FOLEY DE SILICONE 3 VIAS 22FR X 10 UNDS ECOMED
7596793001186;CATETER INTRAVENOSO 22G X 50 UNDS ECOMED
7598252000624;FENOBARBITAL 100MG X 30 TAB DISTRILAB
7597467000528;CANULA NASAL DE OXIGENO PED PLUSMEDIC
7596793002152;BATA DE PACIENTE PAQ X 10 UNDS ECOMED
7596793002138;GORRO CIRUJANO PAQ X 100 UNDS ECOMED
7596793002855;COMPRESAS DE LAPAROTOMIA (PAQ DE 5UNDS) ECOMED
7597830002906;LAPIZ DE ELECTROCAUTERIO GROSSMED
7598252000877;DISVENAL ANTIVARICOSOS 500MG X 30 CAPS DISTRILAB
7598252001041;DEXTROMETORFANO 15MG/5ML 120ML DISTRILAB
7598252000730;DYGEFLAT PANCREA+SIMETI X 20 TAB DISTRILAB
7598252101345;ACICLOVIR CREMA 5% 10G DISTRILAB
7598252000280;DIANIDIP LERCANIDIPINA 10MG X 10 TAB DISTRILAB
7598252000181;DICLORFAM CLORFENI 4MG X 20 TAB DISTRILAB
7598252000617;DISOMEZ ESOMEPRAZOL 10MG X 20 SOBRE DISTRILAB
7598252101390;GENTAMICINA 0.3% 10ML GOTAS OFTA DISTRILAB
7598252101727;HIDROCLOROTIAZIDA 12.5MG X 30 TAB DISTRILAB
7598252101703;RIVAROXABAN 15MG X 30 TAB DISTRILAB
7598852001489;AUGMEXICLA AMOX+CLAV 642.9MG/5ML 60ML UNIPHARMA
7598852001526;BUSCORON BULTI-HIOSCINA X 20TAB UNIPHARMA
7598852000932;UNIDES-M DESLO+MONTELK 5/10MG X 30 UNIPHARMA
7598852000918;MONKUNI MONTELUKAS 10MG X 30 TAB UNIPHARMA
7707019420708;RESFRYGRIP PLUS X 12 SOBRE 18G
7707232095769;MIELTERTOS X 12 SOBRES X 4 CARAMELOS
7796285283469;NEUMOTEROL 160/4.5 BUD/FORMOT 120 DOS ELEA
7791848257024;NEUMOTIDE 125/25 (FLUTI+SALME) 120 DOSIS ELEA
7707236129217;ACIDO TRANEXAMICO 500MG/5ML I.V CAJA X 10 AMP VITALIS
7707236124786;AMIKACINA 500MG/2ML I.M/I,V CAJA X 10 AMP VITALIS
7800061025102;AMIODARONA 150MG/3ML I.V X 1 AMP BIOSANO
7800061180108;ERGOMETRINA 0.2MG/ML I.V/I.M X 1 AMP BIOSANO
7592616576619;CARVEDILOL 6.25MG X 20 TAB KIMICEG
7592616110011;CLOTRIMAZOL 1% CREMA TOPICO 20G KIMICEG
7592616383019;METRONIDAZOL 250MG/5ML 120ML SUSP KIMICEG
7598176000533;DIACEREINA 50MG X 30 CAPS ANGELUS
7598176000847;VEMANTIN 25MG EMPAGLIFLOZINA 25MG X 30 ANGELUS
8906005117656;ALOPURINOL 300MG X 30 TAB FARMAMED
8906005118387;CIPROFLOXACINA 500MG X 10 TAB FARMAMED
8906005118257;FEXOFENADINA 180MG X 10 TAB EVERMED
8906005118271;FINASTERIDE 1MG X 10 TAB EVERMED
8906005117632;LOSARTAN POTASICO 50MG X 30 TAB EVERMED
8906082150669;LORATADINA 10MG X 10 TAB FARMAMED
7598650000400;KETOROLACO TROME 30MG/ML I,M/I,V CAJA X 10 AMP JL
8906112611474;ATROPRA ATROPINA 1MG/ML I.V/I.M X 10 AMP ADN
6971077610406;SONDA NELATON FR 12 VALEMEDIC
06971077610406;SONDA NELATON FR 16 VALEMEDIC
6971077612349;MASCARILLA DE NEBULIZAR PED VALEMEDIC
6971077610147;JERINGA 1CC T/NARANJA X 100 UND VALEMEDIC
8906112611405;AMLODIPINA 5MG X10 TAB ADN
8906112610507;DICLOHEM 50MG X 10 TAB ADN
18904030979918;BIOCUZOL BETA+NEOM+CLOTR 20GR CREMA BIOVENEZUELA
18904030981010;KETOBIOL KETOCONAZOL CREMA 2% 15G BIOVENEZUELA
7750215022184;LAXALIX BISACODILO L R 5MG CAJA X 100TAB X 10 BLIST PORTUGAL
7750215029374;FLUIMEXINA 600MG ACETILCISTEINA X 10 SOBRES PORTUGAL
8904187881303;CLINDAMIC+KETOCON 100/400MG X 5 OVU VAG TIARES
8904250520665;GESTASYN PROGESTERONA 100MG X 10TAB TIARES
7707288825242;TOFEDOL ETOFENAMATO 1G/2ML HUMA
7703153039745;AMOXICILINA 500MG CAJA X 50CAPS X 5 BLIST COLMED
8903489001761;AMLOTAN (AMLODIPINA) 5MG X 30 TAB ZORIAK
7599112000143;BETHINA (BETAHISTINA) 16MG X 30 TAB ZORIAK
7599112000204;CEFIXTAN (CEFIXIMA) 100MG X 60 ML PED ZORIAK
7599112000013;CLOPTAN (CLOPIDOGREL) 75MG X 30 TAB ZORIAK
8906104081322;DUTAPROS (DUTASTERIDA) 0.5 MG X 30 TAB ZORIAK
8903489000177;ENATAN (ENALAPRIL) 10 MG X 30 TAB ZORIAK
8906104081056;ESOGASTAN (ESOMEPRAZOL) 40MG X 30TAB ZORIAK
8903489000276;METGLUTAN (METFORMINA) 500MG X 30TAB ZORIAK
7599112000099;PREGATAN (PREGABALINA) 75 MG X 30 TAB ZORIAK
7599112000105;TAMSUPROS (TAMSULOSINA) 0.4MG X 30 TAB ZORIAK
8904179732828;AMLODIPINA 5MG X 30 TAB ARTE MEDICO
731946648512;OMEPRAZOL 20MG X 15 CAPS ARTE MEDICO
8904178921858;PREDNISONA 15MG/5ML X 100ML ARTE MEDICO
7770108122180;CLOTRIMAZOL 100MG X 10 OVULOS ARTE MEDICO
7707236120641;AMPICILINA 500MG I.M/I.V X 1 AMP VITALIS
7597767000822;MIPAX (PRAMIPEXOL) 1MG X 30 TAB SNC PHARMA
781100195710;DOZHER (DONEPEZILO) 10MG X 30 TAB SNC PHARMA
788070698654;SOLFEM (METRO- NIST-GENTAM-LIDOC) 5 OVULOS SNC PHARMA
7595368004218;LETALOP (QUETIAPINA) 100MG X 30 TAB ANCPHARMA
7595368004225;LETALOP (QUETIAPINA) 200 MG X 30 TAB SNC PHARMA
724373531069;MIPAX (PRAMIPEXOL) 0.25 MG X 30TAB SNC PHARMA
724373531083;CAPLAM (ALPRAZOLAM) 2MG X 30 TAB SNC PHARMA
781100195734;BROPAX (BROMAZEPAN) 6MG X 30 TAB SNC PHARMA
8906130230862;ATORVASTATINA 40MG CAJA X 100TAB X 10 BLIST BRIXMEDIC
8906130231043;GLIMEPIRIDA 4MG CAJA X 100TAB X 10 BLIST BRIXMEDIC
8906130230336;TINIDAZOL 500MG CAJA X 100 TAB X 10 BLIST BRIXMEDIC
8906130231203;PREGABALINA 75MG CAJA X 100TAB X 10 BLIST BRIXMEDIC
8906130231197;PREGABALINA 150MG CAJA X 100CAP X 10 BLIST BRIXMEDIC
8906130230145;CEFADROXILO 500MG CAJA X 100TAB X 10 BLIST BRIXMEDIC
8906130231289;METRONIDAZOL 500MG CAJA X 100TAB X 10 BLIST BRIXMEDIC
8906130230435;LISINOPRIL 20 MG CAJA X 100 TAB X 10 BLIST BRIXMEDIC
7593090002281;VITAMINA C 500MG X 15 CAPS FC PHARMA
7593090000157;ANAPIR 200 MG X 10 CAPS FC PHARMA
7593090001680;DARLIDE VITAM D3 1000 UI X 60 CAPS FC PHARMA
730170649265;DEFLAZACORT 6MG X 10 TAB KMPLUS
6942189530173;ACETAMINOFEN 100MG X 10 SUPOSITORIO KMPLUS
7707210530169;OTOGLICAR GLICERINA CARBONATADA GOTAS 30 ML GERCO
7730969301421;CEUMID 500 LEVETIRACETAM X 30 COMP MEGALABS
7709990220704;INSULINA LEVEMIR FLEXPEN 100U/ML X 5 CARTUCHO NOVO NORDISK
7598455000452;CARBOXIMETILCELULOSA 1% BIOMETHIL 10 ML BIOGLAS
7598455000476;NAFAZOLINA BIOCLAR 0.12MG/ML GOTAS 15 ML BIOGLAS
7598455000513;BIOXIDEX (MOXIFLOX 0.5% + DEXAM) 0.1% GOTAS OFTA  5 ML BIOGLAS
7596526001377;ESTROGVIT X 30 CAPS NATURLIFES
7707184161086;CLINDAMICINA 2% CREMA CREMA VAGINAL 40G FARMIONI
7750215332641;METRONIDAZOL 500MG CAJA X 100TAB X 10 BLIST PORTUGAL
7590027002734;CLINDAMICINA 300MG X 16 CAPS SPEFAR
7590027002864;CANDESARTAN 16MG X 30 COMP SPEFAR
7598650000677;AMOXICILINA+ACIDO CLAVULANICO 625MG X 10 TAB JL
7598252001010;BACITRACINA 500 UI/G UNGUENTO 20G DISTRILAB
7598252000822;FUROSEMIDA 20MG/2ML I.V/I.M CAJA X 3 AMP DISTRILAB
7598252000815;METOCLOPRAMIDA 10MG/2ML I.V/I.M CAJA X 3 AMP DISTRILAB
7598252001140;ACIDO FOLIC 10MG/ML GOTAS 15ML DISTAMIN DISTRILAB
7598252000969;METRONIDA 15%+ MICONAZ 4% DYNAZOL CREMA 40G DISTRILAB
8906005117663;FLUOXETINA 20MG X 20 TAB FARMAMED
7592368000196;ACEITE MINERAL 30 ML FSI
7592368000417;AZUL DE METILENO 30ML FSI
7592368000592;MIEL DE BORAX 30 ML FSI
7592368000325;ALCOHOL YODADO 30 ML FSI
7592368003326;CLORURO DE MAGNESIO 33.3 G FSI
7592368000479;GLICERINA 30ML FSI
7592368001049;VASELINA 30G FSI
7592368000776;TINTURA DE VALERIANA 30ML FSI
7592368000950;PASTA AL AGUA 30G FSI
7592368001889;SAL DE EPSON  20G FSI
7592368001070;ACIDO BORICO 20G FSI
7592368001919;SAL DE HIGUERA 20G FSI
7592368003128;CITRATO DE POTASIO AL 10% FRESA 950 ML FSI
7592368003456;CITRATO DE POTASIO AL 10 % FRESA 240ML FSI
7598852001113;ENTERUNI BACILLUS CLAUSI 5ML X 10 FRASCO UNIPHARMA
6970325652700;IRBESARTAN 150MG X 100 TAB X 10 BLIST BIOMEDIC
8906130230824;AMOXICILINA 500MG CAJA X 100 CAPS X 10 BLIST BRIXMEDIC
7706569000194;HIDROCORTISONA 1% CREMA 15G  AG
7598252101406;BULTIBRO HIOSCINA 10MG CAJA X 100 TAB X 10 BLIST DISTRILAB
18907010006673;CARBOVEN CARBOPLATINO 450MG/45ML I.V VENUS
7795355999040;FILGRASTIM NEUTROMAX 30M U.I 300MCG S,C O I,V AMP BIOSIDUS
0127596793002248;GASAS ESTERIL 3 X 3 CAJA X 50 SOBRE ECOMED
3582910009900;ENTEROGERMINA CAJA X 10 FRASCO X 5 ML SANOFI
7707172681060;EMULSION DE SCOTT TRADICIONAL 180 ML GSK
7707172681107;EMULSION SCOTT CEREZA 180 ML GSK
7592349832235;CIPROFLOXACINA 500MG X 6 COMP GENERICO CALIDAD
7592349723762;FEMIZOL METRO+MICON X 7 OVULOS VARGAS
7592349723717;OMEPRAZOL 20MG X 7 CAPS CENERICO DE CALIDAD
7592349722758;OMEPRAZOL 20MG X 30 CAPS GENERICO DE CALIDAD
7591651722401;MUCORAMA 15MG/5ML 118 ML JARABE ZUOZ
7596793002558;GUANTES DE NITRILO NEGRO TALLA M X 100 UNIDADES ECOMAX
7596793002565;GUANTES DE NITRILO NEGRO TALLA L X 100 UNIDADES ECOMAX
810028130920;GUANTES DE NITRILO NEGRO TALLA S X 100 UNIDADES MCMEDICAL
7596793001223;JERINGAS 10CC CAJA X 100 UNDS ECOMED
7596793000370;MASCARILLA PARA NEBULIZAR PEDIATRICA X 1UNIDAD ECOMED
7703038313038;FIN-SPAM FEM HIOSCINA20+IBUPROF400 X 10 TAB LEBRIUT
7703038050285;IBUPROFENO 400MG CAJA X 300 TAB X 30 BLIST LAPROFF
7703038050391;METOCLOPRAMIDA 10 MG CAJA X 400 TAB X 40 BLIST LAPROFF
7703038328797;SILDENAFILO 50MG CAJA X 50 TAB X 25 BLIST LAPROFF
7703038050421;METRONIDAZOL 500MG CAJA X 300 TAB X 30 BLIST LAPROFF
7750215005675;DICLOFENACO 1% GEL 50G PORTUGAL
7501303010701;BAYCUTEN N CREMA 20 G BAYER
7598852000987;KENTUNI TRIAMCINOLONA 10MG/ML INTRAARTICULAR / I.M UNIPHARMA
7707236126483;ACICLOVIR 250MG I.V X 1 AMP VITALIS
7596793001179;CATETER INTEVENOSO 20G ROSADO CAJA X 50 UNID ECOMED
736372544339;TEGADERM FILM APOSITO TRANSPARENTE CAJA X 100 PIEZAS VIPSALUD
7596793002633;JERINGAS LUER LOCK 60CC TIPO TOMY CAJA X 25 UNID ECOMED
7590027002208;CARVEDILOL 6.25MG X 20 COMPRIMIDO SPEFAR
6921875010854;MEROPENEM I,V 1G X 1 AMP KMPLUS
6942189304262;IBUPROFENO 600MG  X 10 TAB  KMPLUS
7706142503142;CLORFENIRAMINA 50MG 100 ML JARABE ISTICOL NEO LTDA
7596347794793;9-VIT INFUSION X 1 AMP 10 ML DPT
8906156850273;JUVIMOX-CV 500 MG - 125 MG X 10 TAB ADN
8906112610415;PRAGERMINA BACILLUS CLAUSII X 5 BOTELLAS ADN
7596526000585;TOFLEN EXPECTORANTE PEDIATRICO X 120 ML NATURLIFES
TERMOMETRO;TERMOMETRO ORAL X UNIDAD CLINICAL
7896714200699;CORTICORTEN PREDNISONA 20MG X 20 COMP NEO QUIMICA
7704412265028;TRAMADOL HCI 50MG X 10 CAPS MEMPHIS
7702896002320;TRAMASINDOL(TRAMADOL) 100MG/ML GOTAS SOLU ORAL X 10ML BLASKOV
7590027001089;METFORMINA 1000MG X 30 COMP SPEFAR
7590027002321;METFORMINA 500MG X 30 COMP SPEFAR
7590027002123;METFORMINA 850MG X 30 COMP SPEFAR
7590027000730;BISOPROLOL+HIDROCLOROTIA 5MG-6.25MG  X 20 COMP SPEFAR
7590027000617;AMLODIPINO 5MG X 20 COMP SPEFAR
7596793001261;SCALP PERICRANEAL 23GR CAJA  X 100 UNID ECOMED
7596793002657;SCALP PERICRANEAL 25GR CAJA X 100 UNID ECOMED
7596793001254;SCALP PERICRANEAL 21G CAJA X 100 UNID ECOMED
7596793002664;SCALP PERICRANEAL 19GR CAJA X 100 UNID ECOMED
7894164009657;SIMETICONA 125MG/CAPS X 10 CAPS SALUD
7592616576916;AMOXIC+ACD CLAVULANICO 500MG/125MG X 10 TAB KMICEG
7703038006640;COLCHICINA 0.5MG X 300 TAB X 30 BLISTER LAPROF
7703038010050;AMBROXOL 30MG/5ML JARABE ADULTO LAPROFF
7598008000212;AZITROMICINA 500MG CAJA X 30 TAB X 10 BLIST LAND
7598008001974;CIPROFLOXACINA 500MG X 10 TAB LAND
7598008001820;LEVOFLOXACINA 750MG X 10 TAB LAND
7598008000526;LORATADINA 10MG X 10 TAB LAND
18904187884240;HEPAROID HEPARINA(HIRUDOID) 250UI/G CREMA TOPICA 30G TIARES
18904187829326;CLOMIFEM CLOMIFENO 50MG CAJA X 30 TAB TIARES
8904210806228;ZITROBIO AZITROMICINA 500MG X 3 TAB BIO-MERCY
8904187879188;ATROMIC AZITROMICINA 500MG X 10 TAB FONTI
7596526000523;AZIFEM ACETAMINOFEN 500MG X 30 TAB FONTI
8904187880207;DAZOL METRONIDAZOL 500MG X 10 TAB FONTI
7707210530053;CHAMPIOJO CIPERMETRINA CAJA X 24 SOBRE GERCO
7595747000077;BAJA LENGUA DE MADERA CAJA X 100 UNID PROCARE
7596793000202;GUANTES EXAMEN LATEX TALLA M CAJA X 50 PARES ECOMED
7596793000196;GUANTES EXAMEN LATEX TALLA S CAJA X 50 PARES ECOMED
7596793000219;GUANTES EXAMEN LATEX TALLA L CAJA X 50 PARES ECOMED
KITCAMACOMPLET;KIT DE CAMA COMPLETO ESQUINERO+SABANA+FUNDA VISTE SALUD
7596793002176;SABANAS CAMILLA 40GRS PAQ X 10 UNIDS ECOMED
7596793002213;GORRO PARA ENFERMERA PAQ X 100 UNID ECOMED
7703712035485;ANTIACIDO ANTIFLAT MENTA SUSP 360ML COASPHARMA
7706659501709;HIDROXIDO DE MAGNESIO SUSP. 120 ML COASPHARMA
75916565;VICK VAPORUB UNGUENTO TOPICO X 12G VICK
196852644438;DEPOFEM MEDROXIPRGESTE 150MG I.M AMP TIARES
730170649494;CEFIXIMA SUSP 100MG/5ML PED 60 ML KMPLUS
6921875010793;CEFEPIME 1GR I,M/I,V X 1 AMP KMPLUS
730170649272;DESLORATADINA 5MG X 10 TAB KMPLUS
730170649081;CARBIDOPA+LEVODOPA 25/250MG X 10 TAB KMPLUS
730170648923;CARVEDILOL 6.25MG X 10 TAB KMPLUS
6921875011400;BROMURO DE IPRATROPIO 20MCG/200DOSIS KMPLUS
8908010870274;BROMURO DE TIOTROPIO 9MCG/200DOSIS KMPLUS
6942189304286;DICLOFENAC SODICO GEL 1% 30GR KMPLUS
6942189304125;DEXAMETASONA 0.5MG X 10 TAB KMPLUS
730170649227;CETIRIZINA 10 MG X 10 TAB KMPLUS
6942189304248;CAPTOPRIL 50MG X 10 TAB KMPLUS
730170649210;BUDESONIDA INH 200MCG/200DOSIS KMPLUS
6921875008530;ACETAMINOFEN 500MG X 10 TAB KMPLUS
730170649135;ALBENDAZOL 400MG X 10 TAB KMPLUS
730170649043;CARVEDILOL 12.5MG X 10 TAB KMPLUS
6921875010120;FUROSEMIDA 20MG/2ML I,M/I,V X 10 AMP KMPLUS
6921875012650;CEFADROXILO 250MG/5ML SUSP 60ML KMPLUS
6035834982103;DIPIRONA 1G/2ML I,M/I,V  CAJA X 10 AMP KMPLUS
6921875011134;AMOXICILINA 500MG X 10 CAPS KMPLUS
6942189304323;AMOXICILIINA SUSP 125MG/5ML SUSP 100ML KMPLUS
6921875011141;AMPICILINA 500MG X 10 CAPS KMPLUS
6921875010915;GENTAMICINA 80MG/2ML CAJA X 10AMP KMPLUS
6942189530203;AZITROMICINA 200MG/5ML POLVO SUSP 15ML KMPLUS
6921875005362;CEFTRIAXONA 1GR I,M/I,V X 1 AMP KMPLUS
MONTELUKAKMPLUS;MONTELUKAST 10MG X 10 TAB KMPLUS
730170649470;SECNIDAZOL 4MG X 4 TAB KMPLUS
6942189211478;LOSARTAN POTASICO 50MG X 10 TAB KMPLUS
8906069872539;METFORMINA 850MG X 10 TAB KMPLUS
8906069872560;NIFEDIPINA 30MG X 10 TAB KMPLUS
6921875011899;KETOPROFENO 100MG/10ML I,V X 1 AMP KMPLUS
6037096019856;METRONIDAZOL 500MG/100ML INFUSION KMPLUS
6942189304194;LOPERAMIDA 2MG X 10 TAB KMPLUS
6942189304101;TRIMETOPR+SULFAMETOXA 80/400MG X 10 TAB KMPLUS
6942189304187;HIDROCLOROTIAZIDA 50MG X 10 TAB KMPLUS
6921875011417;GENTAMICINA 160MG/2ML I.M/I.V CAJA X 10 AMP KMPLUS
5949056500544;COREFLUX 250ULS SULODEXIDE X 50 CAPS SANIENCE KMPLUS
6921875006727;VITAMINA C 500MG/5ML I,M/I,V CAJA X 10 AMP KMPLUS
7750215001806;METRONIDAZOL 500MG X 10 OVULOS PORTUGAL
8906159250162;MESALAZINA 500MG X 30 TAB ZUZU
305734758501;CENTRUM SILVER MEN 50 + X 100 TAB GSK
305734756521;CENTRUM SILVER WOMEN 50+ X 100 TAB GSK
305734463917;CENTRUM SILVER ADULTOS 50+ X 125 TAB GSK
7598455000520;BIOTILOL - TIMOLOL 0.5% OFTA 10 ML BIOGLAS
7703038066637;TRIMEBUTINA 200MG X 300 TAB X 30 BLIST LAPROF
7707236121884;DEXAMETASONA 4MG/1ML I.M/I.V CAJA X 10 AMP VITALIS
652931975683;OXACILINA 1G I.M/I.V X 1 AMP EL MORRO
7590027002444;ACETAMINO+CLORFENIR 125/1MG 5ML PED 120ML SPEFAR
7591243807585;CALPAL D NATAL CAL+ACD FOLI+VIT D3 X 30 TAB BIOTECH
7597467000726;MICROGOTERO SET INF 60GOT PAQ X 25 UNDS PLUSMEDIC
7596793000011;GUANTES NITRILO AZUL TALLA S X 100 UNIDS ECOMED
7596793000035;GUANTES NITRILO AZUL TALLA L CAJA X 100 UNDS ECOMED
7898100244485;PETIVIT B-C JARABE 240ML MULTIVITAMINICO BRASTERAPICA
8906142160904;VITAMIX FORTE X 10 TAB ADN
7590027002055;ACETAMIINOFEN 180MG/5ML JARABE 120ML SPEFAR
7703038050032;ACIDO FOLICO 1MG X 400  TAB X 40 BLIST LAPROFF
7598252001157;DIANITIN RANITIDINA 150MG/10ML SUSP 120ML DISTRILAB
7598008002186;BROMEXINA 8MG/5ML JARABE 120ML LAND
7598008001776;TIOCOLCHICOSIDO 4MG/2ML I,M AMP LAND
7730969300578;CEUMID 1000 LEVETIRACETAM X 30 TAB MEGALABS
7592368003401;CREMA DE ARNICA 90G FSI
7750215028315;ATORVASTATINA 20 MG X 100 TAB X 10 BLIS PORTUGAL
METRONCOLMED;METRONIDAZOL 500MG X 50 OVULOS VAGINAL COLMED
7598008002360;TRIMETOPRI+SULFAMETOX 40/200MG 5ML SUSP LAND
7598008002278;DOMPERIDONA 1MG/ML SUSP ORAL LAND
7703038050322;LOPERAMIDA 2MG X 240 TAB X 40 BLIST LAPROFF
7703038061045;LORATADINA JARABE 100ML LAPROFF
7593090001512;URODUTAN FLAVOXATO 200MG X 10 TAB FC PHARMA
730170649456;RIVAROXABAN 10MG X 14 TAB KMPLUS
730170649463;RIVAROXABAN 20MG X 10 TAB KMPLUS
730170649098;SITAGLIPT+METFORMINA 50/500MG X 10 TAB KMPLUS
6942189211379;SOLUCION DEXTROSA AL 5% 500 ML KMPLUS
6942189530210;CEFALEXINA 125MG/5ML 60ML POLVO KMPLUS
6942189530289;ACIDO ACETILSALICILICO 81MG X 10 TAB KMPLUS
CLORFEN4MGKMPLUS;CLORFENIRAMINA 4MG X 10 TAB KMPLUS
6942189304309;HIDROCORTISONA 15GR 1% CREMA 15GR KMPLUS
7468191034779;ACIDO FUSIDICO 2% CREMA TOP 20G INMENOL
6970325652342;MEROPENEN 1G I,V X 1 AMP BIOMEDIC
MASCGRIS0066;MASCARILLA DESEC X 50 UND  GRIS VITAGEL
7896523227511;CARVEDILOL 6.25MG X 30 COMP CIMED
7596793001230;JERINGA 20ML CAJA X 50 UND ECOMED
7596793001216;JERINGA DE 5CC CAJA X 100 UND ECOMED
8904324103190;GAS-B SIMETICONA 125MG CAJA X 100CAP X 10 BLIST BIOVENEZUELA
8680199015447;NEBOLOL NEBIVOLOL 5MG X 28 TAB ARTE MEDICO
8680199015591;LAXAPRO LACTULOSA 10G/15ML 250ML ARTE MEDICO
8680199015492;RINICORT MOMETASONA SPRAY 50MCG 140 DOSIS ARTE MEDICO
7468999188070;SOLUCION RINGER LACTATO HARTMAN 500 ML ALFA
7750215029398;COMTREX CLOR+FENIL+DEXTR+PARA X 10 TAB PORTUGAL
7598157000026;GASA 4 X 4 ESTERIL CAJA X 50 SOBRE SUMEDIB
7707184160232;DIPIRONA 1G/2ML I.V/I.M X 1 AMP FARMIONI
8906130230497;ACIDO ACETILSALI 81MG X 100 TAB X 10 BLIST BRIXMEDIC
8906130231104;METFORMINA 500MG X 100 TAB X 10 BLIST BRIXMEDIC
8906130232170;CREMA PARA HEMORROIDES 30G BRIXMEDIC
7703038067597;ATORVASTATINA 20MG X 50 TAB X 5 BLIST LAPROF
7703038050155;CETIRIZINA 10 MG X 400 TAB X 40 BLIST LAPROF
7598677000131;ATROPINA 1% OFTALMICA 5ML CLEOPHARMA
7598677000353;PAROXETINA 20MG X 30 TAB CLEO
7598677000292;SUCRALFATO 1G X 10 TAB CLEO
7709193551063;BETAMETASONA 4MG/ML X 10 AMP VITALIS
7598252000532;DISLEPTAL OXCARBAZEPINA 300MG X 30 TAB DISTRILAB
7598252000525;DISLEPTAL OXCARBAZEPINA 300MG/5ML 100ML DISTRILAB
7591243850598;TYBY ACETM+CLORFE 80MG/0.5MG GOTAS 30ML BIOTECH
7592349001921;IBUPROFENO+TIOCOLCHI 600/4MG X 10 COMP GENERICO CALIDAD
7598008002346;SIMETICONA GOTAS ORAL 80MG/ML PEDI 30ML LAND
8904187858787;LIDOCAINA2% + ADRENALINA 80.000 X 5 CARTUCHO TIARES
8908020242528;HALOPERIDOL 2MG X 20 TAB FARMAMED
8908020242290;HIOSCINA N-BULTIBROMURO X 10 TAB FARMAMED
8908020242221;MEMANTINA 10MG X 10 TAB FARMAMED
7590027003069;LOBEDRIN LEVODROPROPIZINA 6MG/ML 120 ML SPEFAR
7590027002406;SECNIDAZOL 500 MG X 4 COMP SPEFAR
7598455000667;RIFAXIMINA 200MG X 10 TAB BIOGLAS
7598455000469;BIOTIC-HC CIPROF+HIDROCOR 5ML GOTAS OTICA BIOGLAS
7598455000681;SIMETICONA 160MG X 10 CAPS BIOGLAS
7598455000674;ITRACONAZOL+SECNIDAZOL X 10 CAPS BIOGLAS
7598455000445;BIODINA BRIMONIDINA 0.2% OFTALMICA 5ML BIOGLAS
7592616576886;CLOPIDOGREL 75MG X 10 TAB KIMICEG
8451108302725;MICRO-GOTERO 60 GOTAS X 25 UNIDAD BIO-MERCY
8904210707174;BIOTAHISTIN BIOTAHISTINA 8MG X 30 TAB BIO-MERCY
8904210707433;OLMESARTAN 40MG X 30 TAB BIO-MERCY
7598852000895;LECARDUNI - LERCANIDIPINA 20MG X 30 TAB UNIPHARMA
7598852001687;METILDOPA 250MG METILDUNI X 30 TAB UNIPHARMA
7598852001571;SOLUCION DEXTRO-SAL 5% - 0.45% 500 ML UNIPHARMA
7598852001700;TIAMAZOL TIAZUNI (TAPAZOL) 5MG X 30 TAB UNIPHARMA
8904151819295;IBUPROFENO 600MG X 100 TAB X 10 BLIST FAHD
6921875009889;PENICILINA 1.200 UI I,M X 1 AMP FAHD
7592710000928;VALERIANA 400MG X 60 CAPS HERBAPLANT
7800061240109;GLUCONATO DE CALCIO 10%/10ML I,V X 1 AMP BIOSANO
652931975775;OMEPRAZOL 40MG I,V X 1 AMP EL MORRO
652931975713;PENICILINA G. BENZATINICA I,M 1.200 UI X 1 AMP EL MORRO
652931975751;VANCOMICINA 500MG I,V X 1 AMP EL MORRO
791466996081;PREGABALINA NEUROPLUS 75MG X 30 CAPS DPT
7703038065333;CLOTRIMAZOL 1% SOLUCION TOPICA 30ML LAPROF
7598252000440;ACIDO VALPROICO DIALPRON 250MG/5ML 120ML DISTRILAB
7596793003319;MASCARILLA NEBULIIZAR PED ECOMED
7596793001933;OBTURADOR AMARILLO CAJA X 100 UNDA
7596793001209;JERINGAS DE 3CC X 100 UNIDAD ECOMED
7596793000165;GUANTES QUIRURGICO TALLA 8.5 X X 50 PARES ECOMED
7596793000127;GUANTES QUIRURGICOS TALLA 7.5 X 50 PARES MAXTER TM
7596793000141;GUANTES QUIRURGICOS TALLA 8.0 X 50 PARES MAXTER TM
6942189304378;CIPROFLOXACINA INFUSION 200MG X 100ML KMPLUS
730170649319;FEXOFENADINA 180MG X 10 TAB KMPLUS
6942189211294;FLUCONAZOL 150MG X 2 CAPS KMPLUS
6942189530326;HIOSCINA BULTIBROMURO 10MG X 10 TAB KMPLUS
6921875011158;GLIBENCLAMIDA 5MG X 10 TAB KMPLUS
6942189304170;HIDROCLOROTIAZIDA 25MG X 10 TAB KMPLUS
6921875009186;METOCLOPRAMIDA 10MG/2ML I,V/I,M X 10 AMP KMPLUS
6921875006697;CEFOPERAZONA SULBACTAM 1.5G I,M/I,V X 1 AMP KMPLUS
7468191032690;CARBAMAZEPINA 100MG/5ML 120 ML SUSP INMENOL
7598455000087;GOTAS ARTIFICIALES 0.3% OFTALMICA 15ML BIOGLAS
7598455000483;BIOPAT OLOPATADINA 0.2% OFTALMICO 5 ML BIOGLAS
8906130230794;VALPROATO ACIDO VALPROICO 250MG/5ML JARB BRIXMEDIC
8906130230787;ACIDO VALPROICO 500MG X 100 TAB X 10 BLIST BRIXMEDIC
8906130233306;ACIDO FOLICO 10MG X 100 TAB X 10 BLIST BRIXMEDIC
8906130230121;IBUPROFENO 800MG X 100TAB X 10 BLIST BRIXMEDIC
8906130231791;MELATONINA VIT B6 3MG/10MG X 60 CAPS BRIXMEDIC
8906130231760;MONTELUKAS+DESLORATA 10/5MG X 100 TAB X 10 BLIST BRIXMEDIC
8906130230602;MEBENDAZOL 100MG/5ML SUSP 30ML BRIXMEDIC
7707019466256;CIDETOX TEOFILINA 125MG X 50 CAPS X 5 BLIST LABQUIFAR
7896112401728;SIMETICONA 125MG X 10 CAPS BIOLAB
8904324100328;BIOTIOFEN TIOCOLCH+IBUPROF 4/400MG X 10 TAB BIOVENEZUELA
7591616000056;ACEITE DE COCO 30 ML BIOFARCO
7591616001282;VIOLETA DE GENCIANA 30 ML BIOFARCO
7591616002043;NEUTROX ANTIACIDO MENTA 240ML BIOFARCO
7591616002937;CITRATO DE POTASIO 10% 500 ML BIOFARCO
7591616000704;CITRATO DE POTASIO 10% 1000ML BIOFARCO
7591616002951;CLORURO DE MAGNESIO 3.33% 500 ML BIOFARCO
7591616002944;CLORURO DE MAGNESIO 3.33% 1000ML BIOFARCO
8904250520757;CLOTRIMAZOL 1% CREMA VAGINAL 50G 5 APLIC TIARES
8904250520764;CLOTRIMAZOL 2% CREMA VAGINAL 30G TIARES
8904250520917;DANI 35 CIPROTE+ETINILESTRA 2MG/35MCG X 21 TAB TIARES
8904250521037;LEVONORGESTREL 1.5MG X 1 TAB TIARES
18904187887845;ITRASEC ITRACON+SECNIDAZ 33.33MG/166.66MG X 10 CAPS TIARES
791466996005;9-VIT EFERVCENTE VIT C NARANJA X 20 TAB DPT
7707291701762;METILPREDNISOLONA 500MG I,M/I,V X 1 AMP BLAU
7594001101673;ANANTY FORTE 160MG/5ML SUSP 60ML PLUSANDEX
7594001100614;MISULVAN 15MG/5ML X 120 ML JAB PED PLUSANDEX
7594001101581;ANANTY FORTE 160MG/5ML SUSP 120ML PLUSANDEX
7594001101871;BEDEX BENCIDAMINA 0.15% SOLUC BUCAL 120 ML PLUSANDEX
7594001101567;MISULVAN COMPOSITUM 15MG-0.01/5 ML X 120 ML PLUSANDEX
7594001101680;DEXTAMIN(DESLORATADINA) 0.5MG/ML SOLU ORAL 60ML PLUSANDEX
7594001101550;MISULVAN COMPOSITUM 7.5MG-0.005MG/5ML X 120 ML PLUSANDEX
7594001101697;DEXTAMIN(DESLORATADINA) 0.5MG/ML SOL ORAL 120ML PLUSANDEX
7594001100492;FAMULCER 40 MG X 10 TAB PLUSANDEX
7594001101338;ACIDO FOLICO 10MG X 20 TAB PLUSANDEX
7594001101345;ACIDO FOLICO 10MG X 30 TAB PLUSANDEX
7594001100126;FUROSEMIDA 40 MG X 12 COMP PLUSANDEX
7594001101314;ACIDO FOLICO 5MG X 30 TAB PLUSANDEX
7594001101970;CLODOXIN METOCLO+VIT B 10MG X 10 COMP PLUSANDEX
7594001101727;MISULVAN FORTE 30MG-5MG/5ML X 120 ML PLUSANDEX
7594001100607;MISULVAN 30MG/5ML X 120 ML JAB AD PLUSANDEX
7594001100577;CLODOXIN METOCLO + VIT B MG/5ML 120ML PLUSANDEX
7594001101956;DEXTAMIN(DESLORATADINA) 5MG X 10 TAB PLUSANDEX
7594001101352;AZITRODEX 500MG X 3 TAB PLUSANDEX
7594001101178;KETOPROFENO 100 MG X 10 TABR PLUSANDEX
7594001101369;AZITRODEX 500MG X 5 TAB PLUSANDEX
7594001101383;LORADEX 10 MG X 10 TAB PLUSANDEX
7594001101604;ACETAMINOFEN 650MG X 10 TAB PLUSANDEX
7594001101444;LORADEX 1MG/ML X 60 ML PLUSANDEX
7594001101222;ENALAPRIL MALEATO 20 MG X 30 TAB PLUSANDEX
7594001101949;METFORMINA 500 MG X 30 TAB PLUSANDEX
7594001101406;DICLODEX 50 MG X 10 TABR PLUSANDEX
7594001101376;DICLODEX 50 MG X 20 TABR PLUSANDEX
7594001100591;MISULVAN 7.5MG/ML X 30 ML GOTAS PLUSANDEX
7594001101895;ACTICAR 1G/10ML X 120 ML JARABE 120 ML PLUSANDEX
7594001100171;PROPRANOLOL 40 MG X 20 COMPR PLUSANDEX
7594001100164;PROVIM X 20 COMPR PLUSANDEX
7594001100539;TINIDAZOL 500 MG X 4 TABR PLUSANDEX
7594001101475;SECNIDEX 500 MG X 4 TABR PLUSANDEX
7594001101642;SILDEX 100 MG X 1 TABR PLUSANDEX
7594001101659;SILDEX 100 MG X 2 TABR PLUSANDEX
7594001101413;SILDEX 50 MG X 1 TABR PLUSANDEX
7594001101420;SILDEX 50 MG X 2 TAB PLUSANDEX
7594001100362;TIOCHAX 4 MG X 12 COMPR PLUSANDEX
7594001101208;ENALAPRIL MALEATO 10MG X 30 TAB PLUSANDEX
652931974198;PENICILINA G. 1.000.000 I,M/I.V X 1 AMP EL MORRO
652931975720;PENICILINA 2.400.000 U.I I,M X 1 AMP EL MORRO
7750215007167;CLARITROMICINA 250MG/5ML 50ML SUSP PORTUGAL
7750215432969;TETRACICLINA 500MG X 100 CAPS X 10 BLIST PORTUGAL
7750215029442;FLUIMEXINA 200MG ACETILCISTEINA X 10 SOBRES PORTUGAL
7592368000868;YODO BLANCO 30ML FSI
7592368001162;ALUMBRE EN POLVO 20G FSI
7592368001971;SULFATEAZOL X 5 GR FSI
7598455000506;BIOFTAL CIPROFLOXACINA 0.3% OFTALMICO X 5ML BIOGLAS
8906130230077;AZITROMICINA 500MG X 30 TAB X 10 BLIST BRIXMEDIC
8906130230251;LOSARTAN 100MG X 100 TAB X 10 BLIST BRIXMEDIC
8906130230206;DICLOFENA POTASICO 50MG X 100 TAB X 10 BLIST BRIXMEDIC
8906130230442;ALBENDAZOL 400MG X 100 TAB X 10 BLIST BRIXMEDIC
7703038050278;HIOSCINA N-BULTIBRO 10MG X 400 TAB X 40 BLIST LAPROF
7703038065906;ESPIRONOLACTONA 25MG X 300 TAB X 30 BLIST LAPROF
7743038050384;METOCARBAMOL 750MG X 300TAB X 30 BLIST LAPROFF
7598852000765;ASAPRUNI ACD ACETILSALICILICO 81MG X 100 TAB UNIPHARMA
7590027000266;BETAMETASONA 0.1% CREMA 15G SPEFAR
7590027002925;RIVAROXABAN 15MG X 30 COMP SPEFAR
7590027002963;ROSUVASTATINA 20MG X 30 TAB SPEFAR
791466995985;MOXIFLOXACINO 400MG/100ML INFUSION DPT
7707213871948;IMPLANON NXT IMPLANTE 68MG 1 APLICADOR
7703763780242;N-ACETILCISTEINA 600MG X 10 SOBRES LA SANTE
7703763750115;VITAMINA C 500MG MASTIC NARANJA X 100 TAB X 10 BLIST LA SANTE
7703763750139;VITAMINA C 500MG MASTIC TUTTI FRUTTI X 100 TAB X 10 BLIS LA SANTE
7703763750191;VITAMINA C 500MG MASTIC CHICLE X 100 TAB X 10 BLIST LA SANTE
7896112198246;ACIDO FOLICO 5MG AFOPIC X 20 TAB TEUTO
7896112126478;METFORMINA 500MG X 30 COMP TEUTO
7896523202822;LORATADINA LORATAMED 10MG X 12 COMP CIMED
7898158692238;FLORENT 200MG X 4 SOBRE DE 1GR CIFARMA
7894164005925;LACTULAXY AMEIXA LACTULOSA X 120 ML AIRELA
7591062166191;FLATORIL 80 MG / ML  X 20 ML GOTAS ELMOR
7591062901129;FLOMED 0.15% - 0.25% SOL TOPICA ATOMIZADOR X 45 ML ELMOR
7591062901365;FLOMED 0.15% - 0.25% SOLUCION TOPICA X 180 ML ELMOR
7591062010128;MYCOFENTIN 2% CREMA TOPICA 20 GR ELMOR
7591062016458;OFAFLAN 12.5 MG (DICLOFENAC POTASICO) X 6 SUPOSITORIOS ELMOR
7591062011811;KLAS 100 MG X 20 CAPS ELMOR
7591062011828;KLAS 100 MG X 10 ML X 60 ML ELMOR
7591062901297;LAFARCAINA 2 MG - 1,5 MG MIEL Y LIMON X 16 PAST ELMOR
7591062901303;LAFARCAINA 2 MG - 1,5 MG TUTTI FRUTTI X 16 PAST ELMOR
7591062901310;LAFARCAINA 2 MG - 1,5 MG NARANJA X 16 PAST ELMOR
7591062010616;BRUGESINA 300 MG - 10 MG X 10 COMPR ELMOR
7591062010012;MYCOFENTIN 2% CREMA VAGINAL 40 GR APLICADORES ELMOR
7591062016472;OFAFLAN 2 MG/ML X 120 ML ELMOR
7591062013303;LIOLACTIL 1.5 GR X 6 SOBRES ELMOR
7591062011200;PEREBRON 28 MG / 5 ML FRAMBUESA X 120 ML ELMOR
7591062011262;PEREBRON 28 MG / 5 ML MIEL - LIMON X 120 ML ELMOR
7591062011255;PEREBRON 50 MG / 5 ML MIEL - LIMON X 120 ML ELMOR
7591062010173;ALBICAR 200 MG(ALBENDAZOL) X 6 TAB ELMOR
7591062010029;ALBICAR 400 MG / 10 ML (ALBENDAZOL) X 10 ML ELMOR
7591062901105;BRUDOL 200 MG - 65 MG X 20 COMPR ELMOR
7591062901082;BRUDOL 400 MG - 65 MG X 20 COMPR ELMOR
7591062902539;BRUGESIC 600 MG X 10 COMPR ELMOR
7591062013082;BRUGESIC FORTE 200 MG / 5 ML X 60 ML ELMOR
7591062000150;BRUGESIC FORTE 800 MG X 10 COMPR ELMOR
7591062112242;CEFONAX 500 MG(CEFADROXILO) X 16 CAPS ELMOR
7591062010753;COLFENE 400 MG - 4 MG X 10 COMPR ELMOR
7591062011217;PEREBRON 50 MG / 5 ML FRAMBUESA X 120 ML ELMOR
7591062010227;SAVER 200 MG / 5 ML X 37.50 ML ELMOR
7591062010210;SAVER 500 MG X 5 COMPR ELMOR
7591062011804;KLAS 100 MG / 10 ML X 120 ML ELMOR
7591062900948;TACHIFORTE 1 GR X 20 TAB ELMOR
7591062017295;TACHIFORTE 650 MG X 10 TAB ELMOR
7591062014713;TANTUM VERDE PASTA DENTAL 0.5% X 60 GR ELMOR
7591062011637;TRITTICO 50 MG X 30 TAB ELMOR
7591062011644;TRITTICO 100 MG X 30 TAB ELMOR
7591062012948;ALRES 500 MG - 30 MG - 2 MG X 10 TAB ELMOR
7591062000105;ALRES FORTE 650 - 2 MG - 30 MG X 6 SOBRE ELMOR
7591062902379;BRUGESIC 200 MG X 10 COMPR ELMOR
7591062902546;BRUGESIC 400 MG X 10 COMPR ELMOR
7591062011330;TACHIPIRIN GOTAS 100 MG / ML X 30 ML ELMOR
7591062011361;TACHIPIRIN 125 MG X 6 SUPOSITORIOS ELMOR
7591062011378;TACHIPIRIN 250 MG X 6 SUPOSITORIOS ELMOR
7591062011323;TACHIPIRIN 500 MG X 20 TAB ELMOR
7591062017301;TACHIPIRIN 160 MG / 5 ML X 120 ML ELMOR
7591062016649;TALZIC 1 MG / ML X 120 ML ELMOR
7591062011613;TANTUM 0.15 % X 45 ML ATOMIZADOR ELMOR
7591062011538;TANTUM SOL 0.15% X 240 ML ELMOR
7703038067054;DESLORATADINA JARABE 60ML LAPROF
7703712036185;GLIBENCLAMIDA 5MG X 330 TAB X 22 BLISTER COASPHARMA
742033994726;APOSITOS(CURITAS) FLEX X 20 UNDS BRIUTCARE
742033994719;APOSITOS(CURITAS) KIDS X 20 UNDS BRIUTCARE
742033994689;APOSITOS(CURITAS) CLASICAS X 20 UNDS BRIUTCARE
796029455289;ADHESIVOS DE PLASTICO 2.54 CM X 4.57 M  X 12 UNDS BRIUTCARE
796029455210;ADHESIVOS DE PAPEL COLOR PIEL 2.54 CM X 4.57 M X 12 UND BRIUTCARE
723592772673;ADHESIVOS DE TELA 2.54 CM X 4.57 M X 12 UNDS BRIUTCARE
7594001100256;ALBENDAZOL 200 MG X 6 TAB PLUSANDEX
7594001101826;MONTELUKAST 10 MG X 30 TAB PLUSANDEX
7594001101734;TIOCHAX PLUS 400 MG - 4 MG X 10 TABR PLUSANDEX
7594001101123;IBUPROFENO 400 MG X 10 TABR PLUSANDEX
723592772703;ADHESIVOS DE TELA 5.08 CM X 9.14 M X 6 UND BRIUTCARE
796029455241;ADHESIVOS DE PAPEL BLANCO 2.54 CM X 4.57 M X 12 UNDS BRIUTCARE
7592368003272;CITRATO DE POTASIO AL 10,8 % X 950 ML FSI
7592368000073;ACEITE DE COCO X 30 ML FSI
7592368002121;GOTAS DEL CARMEN X 30 ML FSI
7592368000837;VIOLETA DE GENCIANA 30ML F.S.I
7770108671046;CLOTRIMAZOL 100MG X 5 OVULOS VAG ARTE MEDICO
7703712014541;GASTRO FULL REFLUJO INDIGESTION X 24 SACHET COASPHARMA
7703712014473;MARE-OFF DIMENHIDRINATO 50 MG X 12 TAB COASPHARMA
7703712014466;MARE-OFF DIMENHIDRINATO 50MG X 72 TAB X 18 BLIST COASPHARMA
7703712010895;DOLICOX GRIP NOCHE ANTIGRIPAL  24 SOBRES DE 6G COASPHARMA
7703712032019;HIOSCINA N-BULTIBROMURO 10MG X 20 TAB COASPHARMA
7590027002703;SERTRALINA 100MG X 20 COMP SPEFAR
7591241854703;VALERIANA 100MG X 30 TAB BIOTECH
770728898325;OMEGA 3 X 60 CAPS NATUREX
7707288984857;OMEGA 3 X 30 CAPS NATUREX
8908020242276;AMIODARONA 200MG X 10 TAB FARMAMED
8908020242504;DEXAMETASONA 4MG X 10 TAB FARMAMED
8904210707020;BIOFLAZACORT 30 MG X 30 TAB BIO-MERCY
8904210808222;BIOFIXIMA(CEFIXIME) 400 MG X 5 TAB BIO-MERCY
8904210707419;BIOFLAZACORT 6 MG X 30 TAB BIO-MERCY
8904210808239;BIOPROXINA 500 MG X 10 TAB BIO-MERCY
8904210806198;ZITROBIO AZITROMICINA 200MG /5ML X 15ML CHICLE BIO-MERCY
8904210707129;BIOEZ 40 MG (ESOMEPRAZOL) X 30 TAB BIO-MERCY
8904210808109;DESLONIL(DESLORATADINA 5 MG - MONTELUKAST 10 MG) X 30 TAB BIO-MERCY
7598852000055;DICLOFENAC POTASICO 50 MG X 20 TAB UNIPHARMA
7598455000568;CABERGOLINA 0.5MG X 4 TAB BIOGLAS
6971077610802;MASCARILLA DE NEBULIZAR ADULTO X 1 VALEMEDIC
6971077611410;VENDA ELASTICA 15CM X 4 M VALEMEDIC
6971077611427;VENDAS ELASTICA 20CM X 4M VALEMEDIC
7709618581880;DEXAMETASONA 8MG/2ML X 10 AMP VITALIS
7800061002011;FUROSEMIDA 20MG/2ML X 1 AMP BIOSANO
7591616000346;ALCOHOLYODADO USO EXTERNO 60ML BIOFARCO
7591616002036;TALCO BORICADO 90GR BIOFARCO
7591616002135;VITACON C VIT C 100MG/ML PEDIAT 120ML BIOFARCO
7590027003045;KEDALEN ACEBROFILINA 10MG/ML 120 ML SPEFAR
7590027001362;KETOPROFENO 100MG X 10 COMP SPEFAR
7598484001017;AMOXICILINA 500 MG X 8 CAPS QUIM-FAR
7598484001222;AZITROMICINA 500 MG X 3 TAB QUIM-FAR
7598484001239;CEFADROXILO 500 MG X 10 CAPS QUIM-FAR
7598484000829;CLOP(METOCLOPRAMIDA) X 120 ML JAB QUIM-FAR
7598484000218;FANASAL ADULTO 0.1% X 15 ML QUIM-FAR
75919511;TAMOA 250MG/5ML PAMOATO DE PIRANTEL 15ML BIOTECH
7598484000232;FANASAL PEDIATRICO 0.05% X 15 ML QUIM-FAR
7598484001055;IBUPROFENO 400 MG X 20 TAB QUIM-FAR
7598484000867;MUCOFAR 250 MG/5ML X 120 ML JAB ADU QUIM-FAR
7598484000881;MUCOFAR 100 MG/5ML X 120 ML JAB PED QUIM-FAR
7598484001147;OMEFAR 20 MG(OMEPRAZOL) X 14 TAB QUIM-FAR
7593255000336;ALCOHOL AL 96% 500ML ALNA
7591062016700;TALZIC 10 MG X 10 COMPR ELMOR
7592368000684;THIMEROSAL ROJO(MERTHIOLATE) X 30 ML FSI
7592368000714;THIMEROSAL INCOLORO(MERTHIOLATE) X 30 ML FSI
7592368002930;AGUA DE ROSAS SPRAY X 120 ML FSI
7592616100012;CIPROFLOXACINA 500MG X 6 TAB KIMICEG
7592616584140;CLOTR+NEOMIC+DEXAMET 1.0%-0.50%-0.04% 20G CREMA KIMICEG
7598008000595;NIFEDIPINA 30MG X 10 TAB LAND
7598008000144;AMOXICIL+ACD CLAVULAN 500+125MG X 10 TAB LAND
7598008000229;BISACODILO 5MG X 10 TAB LAND
8906069872577;OMEPRAZOL 40MG X 10 CAPS KMPLUS
6942189304385;SOLUCION 0.9% 100 ML PARFIL KMPLUS
7598455000537;ACETAMINOFEN 180MG/5ML X 120 ML BIOGLAS
7598455000490;BIODEX(TOBRAMICINA 0.3% - DEXAMETASONA 0.1%) X 5 ML BIOGLAS
7598455000063;BIOPRED 1% (PREDNISOLONA) X 5 ML BIOGLAS
8904210808116;DESLONIL (DESLORATADINA 2.5MG - MONTELUSKAST 5MG) X 30 TAB MAST BIO-MERCY
890410708027;VENTIDUO PLUS 250 MCG (FLUTICASONA - SALMETEROL) X 120 DOSIS BIO-MERCY
AMOX+ACDCLAV3047;AMOXIC+ACD CLAVU 325MG X 20 TAB SALUS
DICLOFPOT100MGVDSANA;DICLOFENA POTASICO 100MG X 100 CAPS X 10 BLIST VIDA SANA
DICLOFPOT50MGVIDASAN;DICLOFENA POTAS 50MG X 100 TAB X 10 BLIST VIDA SANA
IBUPROF600MGVIDASANA;IBUPROFENO 600MG X 100 TAB X 10 BLIST VIDA SANA
OMEPRA20MGVIDASANA;OMEPRAZOL 20MG X 100 CAPS X 10 BLIST VIDA SANA
7598852001656;CEFALEXINA SUSP 250MG/5ML X 60 ML UNIPHARMA
7598852001663;CEFALEXINA SUAP 125MG/5ML X 60 ML UNIPHARMA
7598852001045;DULOXUNI DULOXETINA 30MG X 30 CAPS UNIPHARMA
1121508537;VITAOVULOS 3 GR X 4 UNDS
1018453494;VITAOZONO X 15 ML
0323533709;VITASUPOSITORIOS 3 GR X 4 UNDS
LEVOARTEMEDI2X1;LEVOFLOXACINA 500 MG X 10 TAB  (2X1) ARTE MEDICO
DICLO+ACETART2X1;DICLOF+ACETA 50/500MG X 10 TAB (2X1) ARTE MEDICO
TAMSUARTEMED2X1;TAMSULOSINA L.P 0.4MG X 10 TAB (2X1) ARTE MEDICO
7707859208436;DAFLON 1000MG X 30 COMP SERVIER
8906159252005;NIFEDIPINA 20 MG X 30 TAB ZUZU
7592368003449;CITRATO DE POTASIO 10.8% X 240 ML FSI
7592432901428;VITAMINA E 400 MG X 15 CAPB VIVAX
7592432005478;VITAMINA E 400 MG X 30 CAPB VIVAX
7703153027414;ESOMEPRAZOL 20 MG X 20 TAB VIVAX
7592432011523;ILANA 600 MG X 1 CAPB VIVAX
7592432004020;EPAX 1200 MG X 30 CAPB VIVAX
7592432010212;EVIGAX 125 MG X 20 CAPB VIVAX
7592432900032;EVIGAX 125 MG X 10 CAPB VIVAX
7592432001654;CETIRIVAX 10 MG X 10 CAPB VIVAX
7703153041205;VAXIDUO(CLINDAMICINA 100 MG - KETOCONAZOL 400 MG) X 7 OVULOS VIVAX
7703153037512;ALBISEC (SECNIDAZOL 166.66MG - ITRACONAZOL 33.33MG) X 12 CAPS VIVAX
7592432007427;MELOVAX 15 MG X 10 CAPB VIVAX
7592432000299;AMPLIDER 50 MG (DICLOFENAC POTASICO) X 10 CAPB VIVAX
7592432900315;DAYFLU DIA/NOCHE 500 MG X 15 CAPS VIVAX
7592432000138;CEVAX ZINC 500 MG - 7.5 MG X 15 CAPB VIVAX
7592432900193;CEVAX ZINC 500 MG - 7.5 MG X 30 CAPB VIVAX
7592432005560;SELENE 400 MG - 70 MCG ( VIT E + SELENIO) X 30 CAPB VIVAX
7592432901381;CEVAX 500 MG X 15 CAPB VIVAX
7592432007649;CEVAX 500 MG X 30 CAPB VIVAX
7707236125745;OXITOCINA 10UI  I.M/I.V 1ML  X 10 AMP VITALIS
7800061000703;KETOPROFENO 100MG/2ML I.V/I.M X 1 AMP BIOSANO
7800061002158;N-BULTI ESCOPOLAMINA 20MG/1ML I.V/I.M X 1 AMP BIOSANO
652931970367;CEFTRIAXONA 1G I.M/I,V X 1 AMP EL MORRO
7594001101543;CLOPIDEX (CLOPIDOGREL) 75 MG X 30 TABR PLUSANDEX
7468999192305;DEXAMETASONA 8MG/2ML I.M/I.V X 1 AMP ALFA
7598008002322;LECHE MAGNESIA 8.5% SUSP ORAL 200ML LAND
7598008000724;LOSARTAN POTASICO 100MG X 10 TAB LAND
7598008002001;PREDNISOLONA 5MG X 10 TAB LAND
7592349001907;VALSARTAN 80MG X 30 COMP GENERICO DE CALIDAD
7592349723588;VITREXON VIT C SIN AZUCAR 50MG/5ML 120ML VARGAS
7896523216812;DIAD LEVONORGESTREL 1.5MG X 1 COMP CIMED
7750215002698;GEMFIBROZILO 600MG X 100 TAB X 10 BLIST PORTUGAL
7703763992355;NITAZOXANIDA 500MG X 6 TAB LA SANTE
8906005117700;IBUPROFENO 800 MG X 10 TAB FARMAMED
7594001101451;BUTILAMINA COMPUESTA 10 MG - 250 MG X 20 TAB PLUSANDEX
7594001100416;IPROXIN 500 MG (CIPROFLOXACINA) X 12 TABR PLUSANDEX
7598484001154;AMIPINA 5MG(AMLODIPINA) X 30 TAB QUIM-FAR
305736554712;CENTRUM MEN X 100 TAB GSK
305736554767;CENTRUM WOMEN X 100 TAB GSK
7592349001815;IBUPROFENO 600MG X 10 TAB GENERICO CALIDAD
8904151808749;MELOXICAM 15MG X 100 COMP X 10 BLIST FAHD
7791848245007;NEUMOTEX BUDESONIDA SUSP P/NEBULIZAR 20ML ELEA
7796285051501;OVUMIX METR+MICO+NEO+CTASIA+POLI X 6 OVOLUS VAG ELEA
7596793001643;AGUJA ESPINAL #26 X 10 UNDS ECOMED
7590027002826;DEFLAZACORT 6MG X 10 COMP SPEFAR
7590027003014;LOPERAMIDA 2MG X 10 COMP SPEFAR
736372544223;CATETER INTRAVENOSO 24G AMARILLO CAJA X 50 UND VIPSALUD
8699525282507;AMOKLAVIN-BID AMOX+ACD CLAV 400MG/57 70ML DEVA
6971077611199;NEBULIZADOR PREMIUN VALEMEDIC
0736372544346;APOSITO AUTOADHESIVO ESTERIL 9X25CM CAJA X 50 UND VIPSALUD
736372544391;SCALP PERICRANEAL 23G X 3/4 CAJA X 100 UNID VIPSALUD
8904187804432;CEFTRIAXONA TRIAXIL 1G X 1 AMP FONTI
8904187876422;OMEPRAZOL OPRAXEL 20MG X 10 TAB FONTI
7596347807158;DROPOFEN IBUPROFENO 400MG X 10 CAPS DPT
7703038070443;GLIBENCLAMIDA 5MG X 300TAB X 30 BLIST LAPROF
7591062011965;ULCENOL 20 MG X 10 TAB ELMOR
7591062018650;ULCENOL 40 MG X 20 TAB ELMOR
7591062010036;ALBICAR 200MG(ALBENDAZOL) X 2 TAB ELMOR
7594002082124;DICLOFENAC POTASICO 50 MG X 10 TAB OFA
8904210706372;ROSUVASTATIN 20 MG X 30 TAB BIO-MERCY
7598852001694;NISTATINA SUSP 100.000 UI/ML X 30 ML UNIPHARMA
7598176000229;ITRACONAZOL 100 MG X 10 CAPS ANGELUS
7598677000278;DULOXETINA 30 MG X 30 TABR CLEOPHARMA
7598677000520;TANZAR 300 GR (TRIMEBUTINA MALEATO) X 10 TABR CLEO
7703038065630;ACETAMINOFEN 150MG/5ML JARABE 90ML LAPROFF
7703038060970;ACETAMINOFEN GOTAS 100MG/ML SUSP 30ML LAPROFF
7703445030016;N- ACETILCISTEINA FLUIMUCIL IV/IM  X 5 AMP 3ML ZAMBON
7703153000639;VITAMINA A RETIBLAN 50.000 U.I X 50 CAPS X 5 BLIST PROCAPS
7703712035904;OMEPRAZOL 20MG X 330 CAPS X 33 BLIST MEDICBRAND
8906081308849;LACTIFEM 1200MG (LACTOSA MONOHIDRATADA) X 10 OVULOS TIARES
8906082151567;AMIODARONA 200 MG X 10 TAB FARMAMED
8906005118332;ESTROGENOS CONJUGADOS 0.300 MG X 28 TAB EVERMED
8906005118318;ESTROGENOS CONJUGADOS 0.625 MG X 28 TAB EVERMED
8906082150966;METRONIDAZOL 500 MG X 10 TAB FARMAMED
8908020242191;IBUPROFENO 800 MG X 10 TAB FARMAMED
7598455000056;BIOLFEN 0.1% (DICLOFENAC SODICO) X 10 ML BIOGLAS
7598252101482;DICLOFENAC MAX POTASICO 100MG X 10 TAB DISTRILAB
7598252001911;LOSARTAN 50MG X 30 TAB DISTRILAB
7598252101154;AMOXICILINA 500MG X 10 CAPS DISTRILAB
7598252000693;IBUPROFENO DISBUFEN MAXX 600MG X 20 CAPS DISTRILAB
7598252101772;DICLOFENAC SODICO SUP 100MG X 10 SUP DISTRILAB
7707236128623;METILPREDNISOLONA 500 MG I.V/I.M X 1 AMP VITALIS
7598650000424;SACAROSA DE HIERRO 20MG/ML X 5 ML AMP JL
7598650000219;CEFADROXILO 500 MG X 10 TAB JL
7598650000530;OMEPRAZOL 40 MG X 10 CAPS JL
7592616135571;LORATADINA 5 MG - AMBROXOL CLORHIDRATO 30 MG X 10 TAB KIMICEG
7750215011867;REDOZINC VIT-C 1 GR - ZINC 10 MG X 10 COMPR EFERVECENTE
7750215011379;VITAMINA C 500 MG X 100 TAB MASTICABLE PORTUGAL
730170648985;LEVOCETIRIZINA 5 MG X 10 TAB KMPLUS
7703712033252;LORATADINA 1MG/ML X 120 ML COASPHARMA
7703712036239;ALBENDAZOL 4% X 50 SACHETS SUSP COASPHARMA
7703712035492;SALES DE REHIDRATACION ORAL 20.5 GR X 30 SOBRES COASPHARMA
ACETMSPEF2X1;ACETAMINOFEN 180MG/5ML JBE 120ML (2 X 1) SPEFAR
ACE+CLORSPEF2X1;ACETAM+CLORF 125MG-1MG/5ML JAB 120ML 2X1 SPEFAR
LORASPEF2X1;LORATADINA 1MG/ML JARABE X 60ML 2X1 SPEFAR
7590027002147;METRONIDAZOL 500MG X 10 COMP SPEFAR
7591243801965;ARADROXINA HIDROXICLOROQUINA 200MG X 20 TAB BIOTECH
7591243830057;LESTECOL ATORVASTATINA 20MG X 30 TAB BIOTECH
7591243830088;LESTECOL ATORVASTATINA 40MG X 30 TAB BIOTECH
